transaction_id,timestamp,amount,merchant_id,location_latitude,location_longitude,country,ip_address,is_new_payee,failed_login_attempts,transaction_channel,currency,previous_transaction_time
072ed525-6734-4d89-8aaa-21f6ab1a4ffb,12-06-2025 20:12,348.01,MCT7442,23.6303265,31.818432,France,14.255.0.0/16,FALSE,1,Web,KRW,11-06-2025 06:12
043b78e8-5e5d-4a26-a709-7ecdda6224a0,05-09-2025 10:04,336.51,MCT3355,60.8622715,-49.534161,Japan,176.193.189.0/25,FALSE,1,Web,MYR,29-08-2025 14:04
dabe2611-42f7-4f60-99f4-2bafcb1d1838,06-07-2025 16:04,2668.34,MCT1555,74.2052735,-87.506756,Vietnam,152.66.161.37,TRUE,7,MobileApp,SGD,06-07-2025 15:43
62ab2c57-f812-466d-91cd-2d8f446c8573,06-09-2025 09:03,154.08,MCT8675,20.6859355,35.093868,Australia,80.128.0.0/10,FALSE,2,Web,USD,30-08-2025 19:03
a00b4012-fe53-4e77-9350-b69dbba0cc27,18-11-2025 10:47,265.95,MCT3955,87.116442,-102.533265,Germany,89.95.128.0/18,FALSE,2,MobileApp,JPY,12-11-2025 13:47
9610d84c-5664-48d9-8ecd-4f5581baefce,22-12-2024 02:03,39.57,MCT1540,27.138866,94.212305,Malaysia,104.136.0.0/15,TRUE,0,Web,THB,15-12-2024 12:03
3e8b6a1d-0037-4c9f-b8cd-e0be78527fa0,26-08-2025 06:04,36.27,MCT2598,10.99386,81.24727,China,142.55.192.0/21,FALSE,0,API,JPY,22-08-2025 18:04
e48401c1-b549-45cc-9b01-091ea139ddc3,17-08-2025 08:58,57.13,MCT3556,-25.513927,-2.340269,Malaysia,45.133.192.0/19,FALSE,2,API,JPY,13-08-2025 13:58
28abb302-5cd2-4049-9c9b-59870dc8a5d4,01-05-2025 21:59,5.12,MCT9979,52.037662,-171.971661,Thailand,152.0.0.0/5,FALSE,2,MobileApp,SGD,29-04-2025 08:59
bbdf7c0a-70d5-459a-9ab6-295acd1a05b9,16-05-2025 13:57,80.18,MCT2933,61.795874,-55.706968,Canada,105.11.71.46/31,TRUE,2,MobileApp,JPY,11-05-2025 06:57
37be63ff-6ce5-42f9-8154-bdb04499587e,12-06-2025 21:34,130.2,MCT8794,23.022417,-61.493714,Japan,60.84.0.0/16,FALSE,2,MobileApp,KRW,08-06-2025 11:34
e6b649f7-b253-4016-89bc-cd99d30a84ff,10-10-2025 22:14,11.79,MCT8252,-48.086168,-125.351646,China,17.37.110.0/27,FALSE,1,MobileApp,GBP,05-10-2025 01:14
0412d193-a2e8-40cd-a7cc-c7562cef7897,28-04-2025 16:09,412,MCT9656,61.8353555,-80.295493,Japan,222.216.32.0/21,TRUE,1,MobileApp,USD,23-04-2025 01:09
86e7e93d-84e9-470b-9a3a-977507342b67,22-06-2025 05:47,173.61,MCT6325,64.753907,-101.673546,Canada,116.183.9.240/30,TRUE,1,Web,EUR,15-06-2025 21:47
4fe2b256-2959-4f03-aa5b-1ebb4e87c15d,12-07-2025 18:25,279.46,MCT3228,3.292723,90.232476,USA,99.239.243.192/27,FALSE,2,MobileApp,SGD,07-07-2025 00:25
896be69d-2048-45a8-abab-9af29319c40a,04-04-2025 05:27,330.37,MCT6842,6.3459765,100.963018,India,126.50.15.128/32,FALSE,2,API,KRW,03-04-2025 17:27
3fd4a4e8-f0e7-4f71-b041-1b7b3d88bd74,28-02-2025 22:01,81.2,MCT9627,10.3059335,-155.801868,Japan,40.0.0.0/5,FALSE,2,API,JPY,22-02-2025 13:01
4adde588-be32-4947-9620-cc7c61ff8fa7,31-03-2025 09:20,465.61,MCT1426,75.0741535,83.434286,USA,74.40.96.0/20,FALSE,2,API,MYR,29-03-2025 13:20
20c10d92-33be-4c91-b786-1fecbf56852c,18-05-2025 03:25,394.56,MCT5521,-11.4235575,-26.117156,India,80.0.0.0/4,TRUE,1,MobileApp,INR,16-05-2025 11:25
ed3b0e3b-1e87-4a14-9590-c9a4c6bbcd2a,15-10-2025 04:20,345.37,MCT2155,87.613603,-156.690477,China,197.220.14.114/31,TRUE,2,Web,KRW,12-10-2025 15:20
6ef2b841-2871-4c2d-a75a-9672c1746b19,23-08-2025 14:04,106.22,MCT3195,27.787228,-157.718891,India,216.0.0.0/6,FALSE,0,MobileApp,INR,19-08-2025 22:04
a5b99e98-a164-4fb8-89c3-ec393a06548b,16-10-2025 12:40,64.4,MCT8048,71.6870635,116.503078,China,210.255.0.0/17,FALSE,2,MobileApp,USD,15-10-2025 22:40
faf47cb5-b6dd-40e6-9825-0b8962e93785,13-02-2025 14:58,424.29,MCT1053,-36.5671105,8.638051,South Korea,111.101.36.0/22,FALSE,0,Web,SGD,11-02-2025 10:58
67f1fc16-9e9d-43ea-88fe-c92ca84a77b0,26-12-2024 19:56,377.56,MCT4223,-65.1332395,8.255412,Thailand,80.43.20.0/22,FALSE,1,MobileApp,EUR,23-12-2024 02:56
6e7daa14-5feb-4d00-990f-63732b5b0ae1,22-11-2025 04:27,230.31,MCT4383,34.607062,-46.160879,Japan,58.192.0.0/10,FALSE,0,API,CNY,20-11-2025 14:27
0d7d7a36-f043-45d6-8ac6-0a3b6cbd6a56,03-01-2025 08:12,108.35,MCT8996,4.2778785,10.073237,Japan,188.184.0.0/14,FALSE,0,MobileApp,SGD,01-01-2025 07:12
3c6ed15b-4249-4397-ae35-1489a21706db,12-04-2025 14:07,254.05,MCT2716,-33.8114865,179.073902,Malaysia,28.223.123.64/27,FALSE,2,Web,MYR,07-04-2025 17:07
4e9c93e4-3fc6-47cd-b2c2-f391fb6bfe8a,14-11-2025 21:00,353.91,MCT2963,46.1692665,174.141927,USA,52.0.0.0/9,TRUE,0,Web,JPY,08-11-2025 09:00
9dcdaadd-6f15-42db-8921-e6edb5f1a389,20-11-2025 04:59,371.62,MCT3919,44.0549815,-100.041438,Singapore,11.0.0.0/10,FALSE,2,MobileApp,MYR,16-11-2025 21:59
00f18cae-f402-4f60-badb-c54d504dc563,15-05-2025 16:48,174.01,MCT9420,72.2994715,-69.725313,Germany,159.48.0.0/12,FALSE,1,Web,GBP,10-05-2025 19:48
c1afa63d-e7c8-4e05-8c58-c06acaa60055,04-10-2025 13:10,27.05,MCT7446,-77.405526,-115.736891,France,148.0.0.0/6,FALSE,2,API,KRW,28-09-2025 01:10
fd533356-48c6-4d4d-b091-a5db147668f5,05-07-2025 15:04,268.35,MCT2511,-9.6302245,-73.904099,Germany,151.233.192.0/19,FALSE,0,API,JPY,01-07-2025 13:04
abd73e9b-39cc-41c5-b7b6-e3cc3afcc93f,15-05-2025 23:31,256.82,MCT1410,76.7702035,-130.517105,Singapore,10.162.0.0/16,FALSE,1,MobileApp,SGD,10-05-2025 16:31
9da221b1-a3c2-4bbc-9f53-807b77f2b5e1,06-10-2025 21:40,312.15,MCT7492,36.645275,-21.9138,South Korea,124.20.0.0/14,FALSE,1,API,KRW,04-10-2025 00:40
6d8fd536-6976-4327-9300-e95262db9515,17-03-2025 15:56,93.04,MCT3591,77.8675445,49.061212,India,134.113.121.0/30,TRUE,2,Web,INR,13-03-2025 12:56
0c089a66-57fd-4209-aa4b-4a1a4313ce9d,02-10-2025 23:58,9923.22,MCT6888,48.360413,38.195084,Vietnam,130.254.191.150,TRUE,3,API,USD,02-10-2025 23:52
8e3b3f30-3b2c-4c5c-b855-0e75c9944ed8,01-11-2025 20:16,482.58,MCT1520,34.603019,112.453128,France,80.0.0.0/6,FALSE,1,API,JPY,27-10-2025 04:16
a2d53e02-98bf-4d44-b979-b9b5d6849035,15-01-2025 07:12,43.22,MCT8527,14.0812365,135.369351,Canada,208.0.0.0/4,FALSE,0,API,EUR,11-01-2025 07:12
e3b7c66c-4265-40aa-a5d6-7691171864d1,17-06-2025 16:51,474.89,MCT6046,-42.332383,-17.853928,UK,124.150.192.0/18,TRUE,2,MobileApp,JPY,16-06-2025 21:51
eea72834-d6d4-445e-9847-b6d384f78491,12-11-2025 21:05,110.94,MCT5620,-77.9156695,168.968206,Germany,100.192.0.0/10,FALSE,0,MobileApp,GBP,11-11-2025 12:05
bac6ef59-894e-43ea-9322-c263bca9a254,01-11-2025 11:04,180.07,MCT5877,-12.325529,-123.882209,Australia,128.253.44.104/30,FALSE,0,Web,EUR,26-10-2025 21:04
669906c6-2f4e-4c24-a2c9-5a8d5869b4b5,18-11-2025 02:57,1688.26,MCT7314,77.4719725,87.726443,Brazil,171.184.69.209,FALSE,8,API,JPY,18-11-2025 02:43
793c80ae-223f-4c2b-8628-bf9299380b27,25-10-2025 15:14,281.48,MCT6198,77.468678,-1.530437,Japan,91.128.0.0/11,FALSE,0,API,SGD,23-10-2025 07:14
538429a6-240a-4466-93ef-0984f47f1be6,04-05-2025 05:52,178.06,MCT9960,-7.7363865,-159.013451,China,212.16.0.0/17,FALSE,1,MobileApp,MYR,03-05-2025 17:52
24b1fa8d-e4a9-4d84-be05-33bede465cbd,13-06-2025 13:07,208.46,MCT6757,-82.9916285,146.120552,Philippines,62.222.80.0/20,TRUE,1,Web,EUR,10-06-2025 19:07
44ec08d8-1b74-431b-b8e3-311dc8ce66c8,09-08-2025 14:01,315.68,MCT1288,46.070854,32.503396,India,48.77.32.0/20,TRUE,0,MobileApp,CNY,05-08-2025 06:01
4013b0de-e6f4-48e6-8c1c-28b1e7caf4ce,16-07-2025 16:12,443.74,MCT1601,52.3075445,52.439599,India,56.114.192.0/19,FALSE,0,Web,USD,13-07-2025 17:12
34728fb7-d5ee-4b7b-8ff4-bb480ba4d77d,19-03-2025 13:13,395.44,MCT3224,-35.326884,-177.045379,Canada,156.3.128.0/18,TRUE,0,API,EUR,18-03-2025 07:13
11e6e82a-0954-414a-85e6-08ea1dbc93e2,29-12-2024 10:38,210.87,MCT7170,-38.054662,-115.087636,Canada,66.128.0.0/9,FALSE,0,Web,THB,27-12-2024 05:38
a8ff883e-a662-4706-a5b9-9384d4ec10af,15-02-2025 11:40,345.44,MCT8784,89.077499,-58.454984,Canada,191.99.99.115/32,FALSE,2,API,INR,11-02-2025 10:40
9bc6770a-85e3-421a-9ad4-8a2efeeb94d0,12-11-2025 03:16,29.38,MCT2736,-85.6755275,69.518675,Malaysia,6.199.0.0/18,FALSE,2,Web,CNY,08-11-2025 00:16
4a41bb1f-86db-4d52-994a-d8208f03313a,03-11-2025 09:26,483.5,MCT6311,-40.9397055,21.318225,Germany,147.227.212.64/27,TRUE,2,Web,INR,30-10-2025 22:26
83d847b8-31f2-4476-a184-24af4ebbbe05,15-01-2025 22:54,291.65,MCT7838,-36.599064,133.503558,South Korea,50.240.148.0/22,TRUE,1,MobileApp,GBP,09-01-2025 06:54
b8897cc4-d275-4640-abdf-91ca2ed63510,22-07-2025 06:12,258.53,MCT6973,19.2708275,-156.850339,Germany,179.192.0.0/11,FALSE,1,Web,USD,21-07-2025 14:12
176fe734-ca34-402e-92f8-edacf8c1560f,27-01-2025 17:58,186.19,MCT5349,45.4990285,132.158254,UK,199.0.0.0/12,FALSE,0,MobileApp,EUR,26-01-2025 13:58
08e7c97c-8e61-4678-8df8-c381e4d26886,27-04-2025 21:55,249.15,MCT5489,-31.891916,-91.092746,Singapore,221.110.0.0/17,TRUE,2,MobileApp,EUR,22-04-2025 18:55
61f9f4ac-0e57-45f5-9f46-1d96920dfb63,22-05-2025 13:03,9250.73,MCT5920,86.094418,37.846609,Vietnam,221.49.192.223,FALSE,4,MobileApp,THB,22-05-2025 12:59
098c9deb-0faa-4deb-b939-07309cd9e5d6,08-08-2025 23:41,239.76,MCT2246,19.299431,108.08483,Philippines,30.164.228.0/23,FALSE,1,Web,INR,05-08-2025 18:41
73986425-6c44-4739-b267-1c572dfde4d0,12-01-2025 04:10,82.06,MCT1982,80.878618,-114.809966,Singapore,74.0.0.0/7,TRUE,0,MobileApp,SGD,10-01-2025 16:10
90f82d0d-f84d-4b34-99c0-a91cf60308eb,14-12-2024 07:44,88.41,MCT2324,-66.603253,-17.874166,USA,36.145.38.64/26,TRUE,0,MobileApp,EUR,13-12-2024 11:44
3ec08de2-1a74-4a62-bae8-27ce74d1a9c0,06-12-2025 12:03,266.17,MCT6952,-0.625142,-61.683509,South Korea,103.87.10.212/31,FALSE,0,MobileApp,EUR,30-11-2025 17:03
8c769ec1-03ea-496b-880e-7df2cac02dfd,14-10-2025 10:05,316.69,MCT7958,83.254685,-149.964457,USA,173.191.175.128/26,TRUE,2,API,JPY,10-10-2025 04:05
acde7ab6-c63c-4cfd-b90a-50a70cf25b83,29-08-2025 04:55,41.14,MCT2873,64.935692,51.063988,Thailand,36.201.223.0/27,TRUE,1,Web,USD,23-08-2025 14:55
4e5f6c7f-755a-4413-b2ac-5b646d4eed1d,22-08-2025 20:15,266.83,MCT8552,56.1028705,109.157546,Thailand,200.24.126.192/31,FALSE,2,MobileApp,EUR,21-08-2025 14:15
ed204c61-673d-4d27-94cd-e97775187a36,20-11-2025 15:09,274.17,MCT3456,-13.744223,-59.819207,UK,27.234.16.0/20,TRUE,2,MobileApp,INR,17-11-2025 00:09
89290b4e-af88-4c49-9631-03e5b920c724,08-09-2025 20:32,167.06,MCT6883,-53.926882,49.066809,Malaysia,55.214.174.0/23,FALSE,0,MobileApp,MYR,03-09-2025 19:32
4637e2a7-bae9-4996-aa00-0b4318dcd6b7,11-10-2025 07:27,7205.84,MCT4628,-67.8149245,-139.116574,Nigeria,42.208.94.144/28,TRUE,10,MobileApp,JPY,11-10-2025 07:07
66e89a3b-f0af-41a0-aeb2-ddc4026f655e,07-11-2025 06:25,374.35,MCT9571,-32.923168,114.42912,Singapore,209.120.106.240/29,FALSE,1,API,EUR,04-11-2025 23:25
134f4059-5a14-492d-aeea-37fb9a4602a7,11-10-2025 05:18,312.68,MCT6934,26.2473125,-96.487219,UK,33.28.0.0/15,FALSE,2,Web,EUR,09-10-2025 19:18
da8a9f84-8984-4253-bbc7-947a1363ad04,14-01-2025 06:40,333.38,MCT9366,-37.8596405,75.55195,Japan,160.0.0.0/6,FALSE,1,API,USD,07-01-2025 17:40
fe39716b-74a3-4a68-bd60-33fb6cc433b4,01-08-2025 21:25,480.01,MCT2511,72.357066,-27.118326,Germany,74.23.208.0/20,FALSE,1,Web,GBP,26-07-2025 02:25
dfe5731c-bccf-4128-88a3-005adf62f7cc,26-08-2025 17:38,251.22,MCT9864,47.943466,61.53422,India,209.128.0.0/11,TRUE,0,Web,CNY,24-08-2025 06:38
92fb865e-e851-4e52-8f84-96eda59613b1,13-08-2025 07:34,53.94,MCT4490,-44.1767935,-149.239523,Singapore,216.0.0.0/5,FALSE,1,API,KRW,07-08-2025 22:34
aa2b3b20-90b0-4239-8510-291fc5ec7df8,06-02-2025 00:07,94.24,MCT3161,78.991093,-148.239605,Thailand,62.72.248.0/21,TRUE,0,Web,THB,30-01-2025 02:07
0c6225ac-1195-4740-88f6-77f28fbbeed0,06-09-2025 00:50,381.36,MCT1759,26.248751,-138.824164,Thailand,213.128.0.0/9,TRUE,2,Web,MYR,05-09-2025 11:50
c312b573-d0da-424c-a302-bb90b9db5d9f,04-02-2025 21:54,216.33,MCT7189,71.4063285,-51.104051,China,157.232.0.0/14,FALSE,1,MobileApp,JPY,01-02-2025 19:54
c13a0e99-4b4a-498d-93d1-2b6709cf260f,30-12-2024 06:48,178.25,MCT3379,42.0166625,-103.24193,Australia,126.64.0.0/11,FALSE,1,API,THB,23-12-2024 20:48
b6fe55fc-72f5-4469-acff-49647c09d62d,14-02-2025 12:15,152.24,MCT6860,-42.060721,-29.821352,India,38.148.0.0/15,FALSE,0,API,CNY,14-02-2025 03:15
3a9871fb-e2f7-46e1-92d3-0cb635774950,03-12-2025 12:14,62.35,MCT5165,-7.995409,160.941245,Germany,109.174.48.0/22,FALSE,2,API,JPY,27-11-2025 02:14
71464be8-e5f5-4673-bca6-2ed2a518d552,12-12-2025 02:43,91.5,MCT4290,-8.877157,-170.978889,Philippines,152.211.176.0/20,FALSE,0,API,KRW,06-12-2025 20:43
4a2d1af6-b571-4bda-bfbd-0cbf1c5b740a,04-08-2025 02:18,187.66,MCT7169,84.0549065,165.104194,Australia,199.0.0.0/9,TRUE,2,Web,SGD,30-07-2025 09:18
14add3ee-f886-4eb8-baaa-3367005d1dc3,15-11-2025 05:31,429.65,MCT9865,56.553281,-38.780705,Thailand,189.64.0.0/11,FALSE,0,Web,SGD,14-11-2025 02:31
28365dfd-da7b-4b05-bdbb-b0086f3662e3,06-07-2025 22:23,37.49,MCT6445,50.47045,31.979314,China,103.224.191.156/30,TRUE,0,Web,JPY,05-07-2025 12:23
4a9dfa66-7d0e-4ebd-b039-26ab4662610b,08-05-2025 09:42,297.47,MCT7131,-36.033706,-88.68422,Malaysia,131.239.140.0/23,FALSE,2,Web,JPY,02-05-2025 21:42
c54ce2f0-4d52-43bd-b672-592f33646344,29-04-2025 09:31,222.35,MCT1262,69.740639,-117.146589,India,68.68.48.0/23,FALSE,2,MobileApp,GBP,24-04-2025 03:31
ef8361aa-5ca3-4eec-b5a5-885edbb1dce7,02-02-2025 14:05,213.09,MCT4075,-44.3788325,-70.533108,South Korea,173.90.204.128/25,FALSE,0,MobileApp,EUR,31-01-2025 08:05
a10b9239-bb41-4060-9978-99ad962f7013,16-02-2025 03:06,186.21,MCT7654,-6.8837085,-101.55767,USA,189.189.32.108/30,FALSE,0,Web,JPY,10-02-2025 14:06
8d469da2-d57f-4a54-b719-eda7c87c5488,28-07-2025 23:36,141.62,MCT7904,18.2639285,-117.578967,UK,194.0.0.0/8,TRUE,0,Web,USD,22-07-2025 22:36
2b2fb2b2-4ee4-499f-81af-211970e7de05,14-04-2025 05:46,28.48,MCT9874,-49.672234,149.156516,Australia,126.128.0.0/10,TRUE,1,Web,KRW,11-04-2025 05:46
8bc15616-ded1-4332-965a-3ba2541dcd8d,05-05-2025 17:07,401.83,MCT4810,-17.310081,129.266794,USA,84.0.0.0/6,FALSE,0,MobileApp,SGD,30-04-2025 04:07
13147671-5174-4efe-be79-cc2448be07d1,31-05-2025 14:53,241.61,MCT3880,-66.0383105,164.244004,India,40.69.32.0/21,FALSE,2,Web,SGD,30-05-2025 02:53
8c5d5941-5609-46da-ab7e-d0abc18b58cd,14-02-2025 08:28,378.02,MCT1644,-84.8186425,66.360204,Germany,38.53.0.0/16,FALSE,2,MobileApp,KRW,13-02-2025 19:28
4b67bbff-810f-421e-8076-8a76ac0c3a03,02-09-2025 06:04,191.16,MCT5864,50.362865,-8.455315,France,200.20.128.64/27,FALSE,1,API,SGD,30-08-2025 01:04
8c9285c6-548b-4d83-b799-08201fbfecd2,18-11-2025 23:55,114.13,MCT5809,-52.8315135,166.632022,Philippines,76.154.0.0/15,FALSE,2,API,JPY,17-11-2025 05:55
2b47de3a-b885-4b80-8cbc-9349a86b90ae,10-06-2025 15:23,374.12,MCT7017,62.1544975,168.66683,Canada,93.91.251.224/29,FALSE,0,Web,MYR,05-06-2025 01:23
14b834af-bcb3-4c84-951e-b1648272fbfe,07-06-2025 19:58,174.8,MCT2494,3.6482555,98.151788,Canada,213.32.54.0/23,TRUE,1,MobileApp,EUR,01-06-2025 11:58
d9a81be1-f3e6-41af-8671-57183e53725a,20-08-2025 16:37,95.74,MCT6142,-25.9684315,-80.780319,Canada,72.16.128.0/17,TRUE,0,API,SGD,14-08-2025 14:37
9d5ab251-9f91-4210-88ae-dda16158133c,06-05-2025 18:21,413.48,MCT4410,-26.295968,32.331288,China,70.252.101.128/25,FALSE,0,Web,MYR,04-05-2025 07:21
f2bcc301-f767-413a-8b99-d229d94b9ac4,06-02-2025 09:02,332.83,MCT3368,-64.770921,-0.548366,Germany,174.48.26.0/23,TRUE,1,API,KRW,01-02-2025 15:02
d774bab9-5a9f-49bd-94f4-b7e22e3090e3,02-04-2025 06:30,8430.62,MCT1817,20.3446775,8.153492,Indonesia,52.0.0.0/6,FALSE,7,Web,USD,02-04-2025 06:08
ba07a7e3-a71f-4977-8295-fe2e7b33f3a4,29-12-2024 05:30,427.73,MCT8337,34.3111625,-12.671449,Singapore,25.167.5.135/32,FALSE,1,Web,JPY,28-12-2024 17:30
6e32a48c-fc58-4f57-a878-21dd1af09343,03-06-2025 20:34,184.5,MCT3033,-55.7373215,84.343306,Malaysia,60.232.0.0/13,FALSE,2,Web,GBP,29-05-2025 17:34
a4ffcfe6-59a4-48e7-9bfa-71ef05cfa8db,04-01-2025 17:24,239.74,MCT9867,86.8255635,127.210845,India,128.119.0.0/20,FALSE,2,Web,JPY,30-12-2024 20:24
926f26db-5e49-4444-a838-0a1250334547,15-12-2024 20:19,260.81,MCT2719,72.7577745,-114.204252,UK,48.130.48.0/20,FALSE,0,API,MYR,09-12-2024 12:19
85e63a58-27ce-45e9-9382-5f6416700673,04-07-2025 03:26,285.08,MCT2678,-33.3369535,-45.577446,Germany,207.8.198.64/31,TRUE,1,Web,SGD,30-06-2025 04:26
55ea6622-f87c-4b49-bec8-a819f56ef735,25-01-2025 10:16,454.53,MCT2890,-52.8930665,-54.917498,Germany,149.44.0.0/14,FALSE,1,Web,THB,23-01-2025 17:16
d7bb6b55-890c-4f5e-9538-ba6c568de146,13-04-2025 09:35,427.73,MCT4132,71.131799,81.469947,France,160.33.189.221/32,TRUE,1,Web,USD,06-04-2025 18:35
7b1c02b2-9d0b-4084-954d-36ef9e5350c8,25-02-2025 07:18,182.6,MCT8614,32.3396525,-51.553451,Thailand,55.131.206.224/27,FALSE,2,API,JPY,19-02-2025 12:18
c7765e2d-e614-4376-933c-8dc78b4c8ab0,04-10-2025 23:38,83.89,MCT1982,15.432212,-31.645008,Singapore,126.70.253.232/29,FALSE,2,Web,GBP,04-10-2025 04:38
2e8104de-1713-4f68-8ce5-84f4815b02a5,20-04-2025 10:30,448.78,MCT5881,-7.271044,-52.391637,Australia,108.0.0.0/9,FALSE,2,Web,SGD,13-04-2025 10:30
b173202e-a6cb-4a63-832f-0b066e85b8dc,22-04-2025 14:15,9.59,MCT9682,-88.4332235,152.083562,UK,68.128.0.0/13,FALSE,1,MobileApp,MYR,22-04-2025 05:15
a748454e-59f1-4fd5-9144-d7af86408862,17-10-2025 08:23,9858.23,MCT8581,-16.786477,-5.267954,Philippines,159.136.41.128/25,TRUE,3,MobileApp,CNY,17-10-2025 07:53
fb952f2b-c67f-4fac-b448-992d5d63da78,24-12-2024 12:17,227.96,MCT2485,-88.8019655,-152.097892,Canada,214.0.0.0/8,FALSE,0,MobileApp,KRW,21-12-2024 02:17
13e04f8c-9369-46d2-88f8-d907bb49edb7,16-03-2025 19:39,128.62,MCT6721,-8.5311205,-146.629816,USA,152.0.0.0/5,TRUE,1,Web,JPY,15-03-2025 14:39
cfb765f5-dbc5-41ee-99ed-438604fd9a90,28-06-2025 16:31,283.21,MCT1914,-77.0036745,117.374521,USA,104.206.0.0/16,TRUE,2,Web,MYR,22-06-2025 18:31
f6a17a87-b814-46a4-8aa3-685d17073ef0,18-06-2025 13:29,452.12,MCT6251,-24.4534695,-19.164497,USA,64.0.0.0/3,FALSE,0,MobileApp,MYR,12-06-2025 16:29
3bc22913-a345-43e2-a5ca-03719628f986,28-03-2025 06:19,497.83,MCT7429,-1.6193005,95.206447,Philippines,64.0.0.0/4,FALSE,0,API,SGD,26-03-2025 02:19
d5ff5609-7134-45c7-b13b-14156c445685,29-06-2025 01:57,400.71,MCT3438,-73.966688,14.858795,Japan,116.205.0.0/16,TRUE,2,API,INR,25-06-2025 07:57
38b2aa5e-51c2-44ee-99c9-ab144c08e1b1,08-07-2025 09:18,91.9,MCT9348,85.5083275,-101.93978,Thailand,16.159.188.0/22,FALSE,0,API,JPY,06-07-2025 02:18
19e6678d-f1c8-45a9-9ced-df9d6c8a6b25,06-03-2025 03:53,459.71,MCT9403,-34.4574725,79.211861,USA,35.119.207.57/32,FALSE,0,API,INR,27-02-2025 22:53
295dfb17-ca89-42b9-b21a-2ea779e0a265,26-12-2024 20:51,3923.54,MCT7236,-24.47917,74.210824,USA,222.209.47.194,TRUE,10,Web,INR,26-12-2024 20:38
2b5760e1-a618-49e8-9c5c-4f4643546efc,20-08-2025 10:01,4468.1,MCT7416,46.0675205,-129.215152,Brazil,43.12.178.192,FALSE,8,Web,SGD,20-08-2025 09:57
7011d251-2468-4517-8197-64b772af63d8,02-03-2025 13:19,246.5,MCT3102,4.5742235,-173.021961,South Korea,198.255.27.0/24,FALSE,2,MobileApp,THB,25-02-2025 03:19
b5544665-600e-42bb-abfc-167533f16311,04-05-2025 20:01,481.28,MCT2656,-59.6357965,-115.147997,South Korea,124.247.144.0/20,TRUE,1,Web,INR,29-04-2025 16:01
4acf8ff4-478d-4327-ad18-e18eddda37a2,14-04-2025 03:36,247.44,MCT4994,87.0282745,88.164963,France,84.20.0.0/14,TRUE,0,Web,EUR,12-04-2025 23:36
3bc37840-5708-46bd-8301-e67261f88791,16-08-2025 22:47,74.43,MCT1882,50.6515995,144.979741,USA,140.2.172.0/22,FALSE,2,Web,KRW,13-08-2025 13:47
acfa7006-1420-4325-b34d-e267cab114fd,07-07-2025 22:35,5.37,MCT8465,51.184002,-2.841047,Singapore,22.0.0.0/8,FALSE,1,Web,THB,03-07-2025 13:35
05d5547f-90e9-4cb5-a60d-3a0b94ff6271,19-07-2025 13:07,430.27,MCT1602,-72.6084145,-114.041466,Germany,35.87.148.0/24,TRUE,0,Web,SGD,17-07-2025 23:07
9b39011b-e3e7-4e39-bfeb-06d7b2cab64a,11-09-2025 05:08,337.73,MCT9974,24.9230945,145.294894,China,144.0.0.0/4,FALSE,0,Web,USD,10-09-2025 21:08
ea917e8f-96ec-490f-8188-ce9156f52d61,07-02-2025 20:17,172.51,MCT6466,78.6118485,-80.224251,Australia,11.142.192.0/18,TRUE,2,Web,SGD,04-02-2025 04:17
bb375f75-d1b8-4799-a42d-e33ca6732424,19-03-2025 06:14,294.04,MCT7507,-30.450432,-61.812563,China,3.61.213.0/24,FALSE,0,Web,MYR,13-03-2025 05:14
26c36f63-e709-48bf-ac96-83f2bb7ab0e3,01-07-2025 06:05,175.8,MCT5673,3.903147,178.501413,Australia,32.0.0.0/4,FALSE,0,Web,USD,27-06-2025 01:05
a9fddc2f-348d-47b9-be4e-b62c6115bb0e,07-06-2025 09:32,131.04,MCT8575,65.657282,-103.787571,Japan,180.33.78.0/23,FALSE,1,API,KRW,06-06-2025 16:32
33d8f814-b1cd-4621-8494-1942eb4083be,09-10-2025 05:33,8300.86,MCT5153,5.1349515,148.188476,Indonesia,147.79.249.200,FALSE,9,MobileApp,INR,09-10-2025 05:11
d5a8bd21-91ea-477e-81fd-ce632d645cef,09-01-2025 23:54,5036.47,MCT3227,47.0537775,-11.595486,Nigeria,146.20.91.37,FALSE,6,Web,THB,09-01-2025 23:38
62168597-af1e-4c91-98eb-6318d9193012,27-02-2025 20:18,8194.01,MCT4931,68.548234,64.244842,Nigeria,219.224.97.0/26,FALSE,7,MobileApp,GBP,27-02-2025 19:58
a7993389-ee9a-4462-9848-cb6c63754b5c,29-08-2025 02:27,207.47,MCT5310,-33.0515775,-90.823977,China,7.113.61.49/32,FALSE,0,MobileApp,MYR,27-08-2025 09:27
c6279319-82e4-450e-81bd-549d07bfedf4,12-06-2025 17:06,339.85,MCT3588,-18.520818,-79.21871,Australia,9.24.126.0/25,TRUE,2,MobileApp,THB,12-06-2025 01:06
c005f28f-9f4f-4766-a2dd-1325f21a631c,14-12-2024 11:12,46.17,MCT8051,-28.8240035,-63.029635,Thailand,62.223.0.0/16,FALSE,2,API,CNY,11-12-2024 08:12
17e31f3a-729a-4da2-971f-db077a0136a2,29-04-2025 23:42,185.89,MCT9789,62.7108545,17.598707,Philippines,183.186.0.0/16,FALSE,0,API,EUR,27-04-2025 05:42
a756b3d6-b553-46b2-a119-ac3a742c54ec,25-04-2025 01:41,75.01,MCT6347,-27.96073,-45.607501,Germany,219.77.112.0/22,TRUE,1,MobileApp,GBP,22-04-2025 18:41
f1fed7fe-906d-42ac-84f6-6f22db0c9894,08-10-2025 22:06,218.9,MCT7770,11.132354,72.435681,Australia,211.128.0.0/9,FALSE,1,MobileApp,MYR,02-10-2025 13:06
b0bf9d4e-71b7-47c0-b539-8cc0752e4e5f,19-06-2025 01:38,3263.05,MCT8843,18.23494,-1.012205,Brazil,26.32.28.0/23,FALSE,9,API,CNY,19-06-2025 01:19
a79a4719-9af8-4f20-a917-b4d1e36a924b,27-11-2025 11:38,489.09,MCT7385,-70.8015295,-95.079631,Thailand,153.51.124.20/30,FALSE,0,Web,JPY,23-11-2025 05:38
2815a9ff-2883-4ca0-914c-f5ddfab677a4,25-09-2025 13:09,339.61,MCT9332,-77.9519225,-11.829058,Australia,96.26.153.128/26,FALSE,1,API,CNY,21-09-2025 18:09
c2c7b75a-d65f-48d5-88de-00300504ee5e,31-01-2025 16:29,102.25,MCT3196,-49.313693,30.829817,India,80.0.0.0/5,FALSE,2,MobileApp,THB,29-01-2025 15:29
40d70fb3-725f-4063-a87c-65c841c20fdb,16-12-2024 02:53,1801.23,MCT5668,-18.5779365,-3.623677,Indonesia,7.153.64.25,FALSE,5,MobileApp,MYR,16-12-2024 02:27
32c12424-649e-4175-8bd1-1a680ce8783c,07-09-2025 11:50,295.14,MCT8007,-67.7880805,-68.847684,USA,73.128.0.0/9,FALSE,1,API,KRW,01-09-2025 11:50
f86c009d-48ea-4414-a8d9-e2ec46fceb98,20-09-2025 06:09,299.05,MCT3436,80.751011,-55.56164,China,95.98.108.0/23,FALSE,2,MobileApp,SGD,18-09-2025 07:09
525ba0d4-43f0-49c3-a301-bb131af58780,03-11-2025 19:47,147.54,MCT9598,-34.74617,163.620054,Philippines,19.159.0.0/17,TRUE,2,MobileApp,USD,01-11-2025 11:47
c147a9b6-77ed-4d1b-a6bc-73675bc9163b,23-03-2025 04:00,170.09,MCT3857,16.4917295,50.048011,South Korea,73.41.110.0/27,TRUE,1,API,GBP,20-03-2025 07:00
a60cab36-ed20-4531-a92a-b0264123cd02,19-11-2025 09:22,369.62,MCT8521,45.215883,112.547694,USA,185.86.112.0/20,FALSE,2,API,JPY,13-11-2025 21:22
fd59df8f-d562-49d1-ad2d-e1fee3cb5b0b,19-01-2025 07:22,30.98,MCT2807,71.764064,1.239893,Canada,15.201.105.192/28,FALSE,2,Web,EUR,17-01-2025 12:22
a80ea206-ce45-474a-843f-067171dd4ef8,09-04-2025 07:18,156.27,MCT4816,19.4937425,25.489973,South Korea,140.232.0.0/13,TRUE,1,MobileApp,JPY,02-04-2025 08:18
c1b5d5d6-4a6c-42aa-8808-411360ddeab3,25-05-2025 03:48,373.67,MCT6723,-29.306821,41.616268,Philippines,114.185.54.216/30,FALSE,2,API,USD,23-05-2025 05:48
51580a9f-1136-4b75-86ae-43bde36decdf,18-01-2025 11:45,145.34,MCT9244,-37.3317725,177.569631,Malaysia,145.56.224.0/19,TRUE,1,MobileApp,CNY,14-01-2025 03:45
7fce7045-5e03-4b41-b8a0-d78b9c6bc954,10-03-2025 05:33,444.63,MCT3597,58.724801,162.328043,Thailand,126.26.150.214/32,TRUE,2,MobileApp,GBP,03-03-2025 20:33
7a695ec6-355a-4cd5-ac41-b4f1d27294ce,16-09-2025 00:15,237.56,MCT4638,-52.592194,-141.745622,Australia,30.164.24.0/23,TRUE,2,Web,INR,10-09-2025 09:15
d07638cb-f38e-47cd-b4dc-daa445de40a4,08-04-2025 01:26,349.4,MCT3723,-27.5702605,-118.782267,Thailand,16.249.14.0/25,TRUE,0,API,USD,05-04-2025 03:26
85b97c2e-3caa-4b58-840f-d5738a86440f,01-10-2025 19:43,296.52,MCT5012,22.8838565,108.214822,Germany,219.45.217.0/24,FALSE,2,API,THB,28-09-2025 04:43
c207080d-b78e-44f6-aa81-45d6295fee0e,10-10-2025 10:47,327.04,MCT4240,-72.658627,-176.879773,USA,32.0.0.0/3,FALSE,0,Web,USD,09-10-2025 06:47
9bd8feb2-a5df-4ef2-9313-dc3d6bb64457,26-01-2025 07:21,301.23,MCT8902,-80.4580615,155.557754,France,82.33.180.184/30,TRUE,1,Web,INR,20-01-2025 07:21
cec74f58-bcee-4d2b-833b-c7e4a4d7e390,04-12-2025 17:40,329.73,MCT5979,-81.9148615,-122.216278,China,12.124.224.0/19,TRUE,1,API,CNY,29-11-2025 18:40
391c4792-24ae-4236-8f89-aa6868d68050,02-05-2025 04:07,112.56,MCT8561,-33.576467,-139.331543,Thailand,65.199.214.128/26,TRUE,2,MobileApp,USD,25-04-2025 16:07
ffd229f4-0788-4dea-999e-434d5598a2b1,11-11-2025 03:25,71.95,MCT7561,4.9833425,-5.581507,Singapore,48.0.0.0/8,FALSE,1,MobileApp,THB,05-11-2025 11:25
07bbda35-5105-48fd-8e0a-ba90495caefa,14-09-2025 08:19,208.56,MCT8125,60.570062,-26.537498,UK,50.185.120.0/22,FALSE,0,Web,THB,12-09-2025 20:19
76846ac9-8286-4ba8-baf8-c7d9c3acd51d,28-02-2025 19:54,255.7,MCT8205,52.1144405,139.696511,UK,32.0.0.0/4,FALSE,0,Web,CNY,24-02-2025 15:54
94ee62be-f38c-4339-9d33-65e4bd48200f,26-10-2025 11:13,79.78,MCT6945,-68.1349415,85.970155,Malaysia,191.60.113.0/24,FALSE,2,MobileApp,MYR,21-10-2025 19:13
4019da21-9242-4bf2-90c7-2a9e288df09f,22-11-2025 14:58,6623.89,MCT2215,-87.069656,5.562916,Nigeria,62.9.35.227,TRUE,3,MobileApp,USD,22-11-2025 14:44
ce4990d6-c98f-4979-ac90-a6a4abcfdea8,08-11-2025 05:20,4441.33,MCT6083,-32.423699,-59.197871,Nigeria,122.162.38.74,TRUE,5,Web,KRW,08-11-2025 04:51
0649e9c1-4735-4e32-b492-535f231eb057,06-06-2025 16:43,314.14,MCT9614,46.692422,-30.338881,UK,61.141.228.0/22,TRUE,1,Web,MYR,30-05-2025 18:43
2a092f52-bf9b-4759-b958-189aaacfa622,25-12-2024 15:21,62.71,MCT6739,-16.688169,129.180562,India,93.182.117.204/31,FALSE,0,MobileApp,INR,24-12-2024 21:21
ed8aa02b-c761-4444-b733-03ab0c6cff22,21-11-2025 15:45,269.46,MCT2759,61.0656245,-9.330519,UK,213.128.0.0/11,FALSE,0,Web,INR,15-11-2025 07:45
619a2038-f409-46f9-803b-0d0f9b913fd6,27-05-2025 12:47,169.6,MCT4902,-12.607868,-160.192181,Singapore,205.18.2.96/30,FALSE,0,MobileApp,KRW,21-05-2025 13:47
1b41dde2-06d7-4db9-965d-d900c31905c4,23-10-2025 22:30,456.06,MCT5000,-19.909622,90.887239,Japan,189.218.110.0/23,TRUE,1,MobileApp,EUR,22-10-2025 22:30
8447033f-999c-4607-974e-92b0e5df7e08,16-09-2025 11:02,9550.37,MCT4457,27.7136765,-83.460038,Brazil,151.203.172.59,FALSE,3,Web,INR,16-09-2025 10:43
fd375a61-c87b-4140-8526-d00fc2e9b94b,28-12-2024 07:50,164.02,MCT6288,50.0433545,-31.584609,Germany,134.62.0.0/16,FALSE,1,API,CNY,25-12-2024 19:50
4059a151-f8e8-4a17-a03a-b31a687d7f4a,30-06-2025 17:39,117.72,MCT8893,-11.172996,22.308868,Australia,213.165.170.120/29,FALSE,2,Web,GBP,27-06-2025 16:39
d8b8ab34-9492-437d-b84f-e6bb596881a8,13-06-2025 04:14,150.01,MCT4013,-55.905913,158.525191,South Korea,177.64.0.0/10,FALSE,2,Web,USD,10-06-2025 04:14
89c1df4d-fe4c-40a2-bf49-155bad3c19c5,07-06-2025 13:07,239.51,MCT7508,76.050723,-108.522639,Thailand,211.139.107.252/31,FALSE,0,Web,JPY,05-06-2025 17:07
148a9cc8-f992-4449-8ee8-cc60d57d8875,25-07-2025 16:38,80.01,MCT6157,-25.6780755,62.529975,China,197.160.0.0/15,TRUE,1,API,SGD,19-07-2025 10:38
7baa8dae-5be8-44d1-82bc-3c18ce2de8e6,05-01-2025 01:51,280.46,MCT9561,-63.1990155,-35.930554,France,13.129.78.0/23,FALSE,2,Web,KRW,31-12-2024 13:51
51751bff-8254-45a7-92af-844decf34442,09-05-2025 04:15,320.32,MCT5710,-86.057741,145.802491,Japan,117.118.159.208/29,FALSE,1,Web,SGD,03-05-2025 16:15
4b887efd-950f-486e-9ff7-c5bc8f422641,17-11-2025 02:25,352.06,MCT7008,-18.1530625,3.137092,Japan,86.220.0.0/15,FALSE,1,Web,INR,14-11-2025 22:25
dffeb617-5505-4802-a7e0-8b0ae1d22725,06-03-2025 03:08,60.93,MCT2958,74.4590545,176.589853,Thailand,112.147.148.160/28,FALSE,0,API,SGD,02-03-2025 07:08
434f7bd2-c1c8-4104-89f6-aaf06d42a176,13-01-2025 19:36,491.05,MCT6319,-68.737149,-178.968512,France,87.88.224.0/20,FALSE,2,API,JPY,13-01-2025 00:36
27949850-e884-4a45-8f26-a0d61ae3586d,06-06-2025 07:50,307.17,MCT5399,52.303895,-35.882745,Australia,71.5.0.0/16,TRUE,1,Web,GBP,01-06-2025 07:50
cf2aeb01-d256-4e2a-bbf8-963019264700,04-02-2025 18:13,433.83,MCT1092,-47.7157765,47.05653,Canada,208.0.0.0/4,FALSE,2,MobileApp,EUR,02-02-2025 06:13
ac6bb131-c982-4445-ac60-92874e767dd5,22-04-2025 14:53,496.25,MCT7916,-87.092986,116.966661,South Korea,143.236.184.88/30,FALSE,1,API,MYR,15-04-2025 16:53
3579e947-4e50-4f42-8168-d9ee6302b37c,06-05-2025 19:17,469.93,MCT9785,36.1926465,110.164784,Australia,30.128.0.0/10,FALSE,2,Web,CNY,02-05-2025 14:17
4223699e-2899-4a3d-8097-9f6464bdd56f,19-12-2024 21:37,88.27,MCT5537,-7.9165695,122.199414,Germany,28.16.0.0/15,TRUE,0,Web,KRW,19-12-2024 06:37
24676dfa-39f0-4074-9a80-861fbb0ec792,06-11-2025 00:53,8268.59,MCT6370,-38.5843725,109.567325,Germany,214.165.158.160,FALSE,6,Web,USD,06-11-2025 00:40
e039928c-edf0-435e-aaf4-598ddac57ef8,15-02-2025 05:00,34.02,MCT5538,82.2142695,-29.426766,UK,54.0.0.0/10,TRUE,0,API,SGD,14-02-2025 23:00
5dab3386-bcac-44ce-99f4-ea5582fa0fb2,13-08-2025 11:04,214.62,MCT4224,64.0335505,-125.554774,China,178.210.224.0/23,FALSE,2,Web,KRW,06-08-2025 19:04
7cd08938-2625-416d-a0a2-3b661c474c9a,08-07-2025 01:39,197.87,MCT2508,38.218817,24.340342,Malaysia,3.120.0.0/16,FALSE,2,MobileApp,CNY,02-07-2025 23:39
e6bdc92a-be42-4c42-aa51-7047a2e6e68c,16-03-2025 14:49,11.63,MCT6407,79.241069,-3.824352,Japan,28.0.0.0/6,FALSE,0,MobileApp,GBP,13-03-2025 10:49
0c08d406-17f1-41a9-ac7d-b0792203be7b,30-04-2025 05:52,471.8,MCT1618,-11.661082,94.727301,Singapore,105.31.78.4/30,TRUE,0,Web,THB,27-04-2025 04:52
4a9987ae-b50e-4413-aa11-050b5fa372f2,29-04-2025 21:56,230.17,MCT9159,77.230753,49.372929,Philippines,101.241.224.0/19,FALSE,2,API,KRW,28-04-2025 07:56
654bd96f-413f-488f-b266-8b724b86840d,06-08-2025 15:02,25.56,MCT8150,45.0593715,-95.316914,Canada,131.36.0.0/14,FALSE,1,MobileApp,CNY,02-08-2025 00:02
92317b4c-f7b8-4cfb-8d22-74bc17648aa7,08-04-2025 15:08,301.41,MCT3180,-67.2534845,4.041711,Germany,174.164.56.0/21,FALSE,1,MobileApp,CNY,02-04-2025 00:08
10543a54-2cff-4f3b-9f18-b60048b21bfa,16-09-2025 00:09,419.28,MCT4395,-53.1508595,168.754199,USA,59.15.48.128/25,TRUE,0,Web,INR,12-09-2025 02:09
41786214-d360-4d22-8093-febe4c8659af,13-01-2025 01:43,389.98,MCT4207,26.5487635,-129.002328,China,170.224.87.116/31,FALSE,2,MobileApp,USD,10-01-2025 14:43
5e8dd5b4-9adf-4c10-833a-e32bebf9b180,18-01-2025 03:22,2486.25,MCT9427,31.198109,48.690634,Brazil,201.196.79.93,TRUE,7,Web,CNY,18-01-2025 03:04
909a7c46-3fe9-4aef-a743-d14fa22b3a33,04-04-2025 06:44,485.12,MCT1825,32.0386635,-77.756348,India,138.185.64.0/19,TRUE,0,MobileApp,SGD,02-04-2025 07:44
2a27dcea-3fbe-41fd-9329-6cb0ac982d3a,10-07-2025 03:18,305.74,MCT2086,-21.792657,58.315352,China,67.154.0.0/16,FALSE,1,API,MYR,05-07-2025 06:18
e72ef5ad-7738-4420-ac07-f474901ff384,04-06-2025 09:53,451.46,MCT7185,19.0721665,169.934144,Malaysia,62.106.242.0/24,FALSE,2,Web,GBP,30-05-2025 20:53
6b695945-1f42-4356-ae58-05464a86475a,04-03-2025 14:28,9950.25,MCT2137,-21.0590625,-75.050741,South Korea,204.152.137.37,TRUE,5,API,INR,04-03-2025 14:08
8b35f855-8773-475c-a99f-aba54b9692f8,16-11-2025 19:52,491.65,MCT5191,-26.3827825,-163.9926,USA,100.214.45.38/31,TRUE,0,MobileApp,CNY,12-11-2025 12:52
ed518827-a56d-43ba-aa5a-dfc4eb90f6af,31-03-2025 10:52,465.83,MCT9582,-73.3003285,67.256552,South Korea,4.190.252.0/22,FALSE,1,MobileApp,INR,31-03-2025 01:52
5337ce36-1ded-4b5f-902e-9865a5f6b6f6,07-06-2025 07:35,396.52,MCT8962,53.50063,-148.646207,France,211.64.0.0/10,FALSE,0,Web,JPY,02-06-2025 15:35
9591d72f-c185-44e6-85b4-8b8d564f309e,10-10-2025 07:43,4968.71,MCT3787,-75.4804605,-179.941314,Nigeria,140.0.0.0/6,TRUE,9,API,THB,10-10-2025 07:24
1222437d-25d8-46ee-8fa2-a2e268a61207,06-08-2025 01:44,151.92,MCT7876,-14.7541725,-23.528728,Malaysia,193.35.217.0/24,TRUE,0,MobileApp,JPY,03-08-2025 00:44
97294a97-bf11-45c4-be2b-570e10a4e0c0,30-03-2025 01:33,122.87,MCT9675,61.012007,91.197436,Australia,56.192.0.0/11,FALSE,2,API,MYR,24-03-2025 01:33
b1ac0a2a-d70e-47e8-b402-7b2d9ee053e9,09-11-2025 12:05,292.25,MCT4411,83.1821865,-26.228579,USA,45.25.28.0/22,FALSE,2,API,MYR,05-11-2025 08:05
ea8c0bd3-f825-4045-8ebc-82efd8a38893,30-03-2025 16:55,83.99,MCT2951,-55.4715985,71.626755,Germany,38.72.0.0/18,FALSE,0,MobileApp,EUR,28-03-2025 13:55
569b01d3-1137-48ae-a6f7-bdcfc1f15add,24-12-2024 22:13,191.03,MCT5252,-36.386076,-117.087497,Australia,163.87.233.128/25,TRUE,2,Web,MYR,18-12-2024 04:13
e8465705-c63b-4497-b641-2393fd797920,12-04-2025 15:34,24.4,MCT6705,9.8782495,30.290925,Malaysia,42.44.132.19/32,FALSE,1,MobileApp,JPY,07-04-2025 23:34
81735d38-89a5-4fdc-9165-9840a8141908,03-02-2025 08:55,128.85,MCT9945,-84.220144,144.167492,Japan,27.185.223.160/28,FALSE,1,Web,MYR,27-01-2025 13:55
ef523537-4e20-4ad7-8ea9-27e15dfd944c,25-01-2025 07:51,312.87,MCT7340,79.4480555,44.833847,Thailand,209.224.0.0/12,TRUE,1,MobileApp,MYR,18-01-2025 11:51
ee3adee3-088f-4578-9e2e-75c25be76784,25-05-2025 09:17,342.06,MCT6281,42.9322845,-111.635541,Singapore,212.0.0.0/6,FALSE,1,MobileApp,GBP,20-05-2025 12:17
217decb1-971f-4615-905e-6592ade5633c,11-07-2025 08:56,449.29,MCT3110,-68.2183395,42.739879,Australia,217.203.238.0/23,TRUE,0,Web,JPY,07-07-2025 23:56
5acc2bba-b040-4864-8766-e5c537372bf4,02-09-2025 01:46,319.12,MCT3059,-86.8749705,-116.390206,Japan,202.233.47.136/30,FALSE,0,API,THB,27-08-2025 01:46
a22bed5d-4d6f-40de-85f3-cfb97b1e00d2,05-08-2025 02:45,7403.94,MCT6497,75.2586635,134.902419,Vietnam,170.221.136.31,FALSE,4,API,THB,05-08-2025 02:32
21fe464d-796e-469d-9b7b-5145c108b326,24-12-2024 00:38,347.21,MCT4334,22.729803,162.308557,Malaysia,70.179.112.0/20,FALSE,2,Web,EUR,18-12-2024 04:38
ba5a89bb-0024-4e2d-a833-4b09837f7d83,30-08-2025 17:07,240.75,MCT9608,89.078167,102.197715,USA,82.38.0.0/16,FALSE,1,MobileApp,GBP,26-08-2025 08:07
0914916f-4298-405c-8d10-e3a2624b3a14,08-06-2025 10:10,361.89,MCT2949,28.829922,148.301346,USA,172.99.193.96/27,FALSE,1,MobileApp,GBP,07-06-2025 22:10
9a7610ba-13be-428c-a965-587ea1d03645,19-01-2025 20:52,134.81,MCT1087,-19.3860205,80.222156,Philippines,9.176.81.24/29,FALSE,1,MobileApp,THB,16-01-2025 01:52
58acc07d-4d6b-43e8-ab66-3c0c39085741,05-09-2025 23:23,24.75,MCT4301,-69.011102,-168.961029,France,13.128.0.0/10,TRUE,2,Web,GBP,01-09-2025 17:23
36976e87-a1b2-4803-82e9-431c36171e0e,06-11-2025 02:28,4943.43,MCT1707,-81.4551295,96.192438,France,53.116.69.54/32,FALSE,8,API,USD,06-11-2025 02:08
ea083b94-fa5f-4eb1-8d14-8a9eccaf11c8,08-11-2025 02:42,275.89,MCT5989,-74.583965,-153.830116,Malaysia,154.49.224.0/20,FALSE,2,MobileApp,SGD,07-11-2025 22:42
9301cbb4-224c-49c8-96a3-1495aa5b143f,27-07-2025 15:51,92.24,MCT3929,-76.058693,34.698867,India,123.140.0.0/14,FALSE,2,Web,USD,23-07-2025 21:51
0e871406-8018-4ec8-9a37-d980b4d58592,15-11-2025 16:27,344.73,MCT1535,-82.8114625,-87.86696,Malaysia,193.197.88.0/21,FALSE,1,API,USD,12-11-2025 00:27
cbf606c6-6961-4ef8-988c-7ea6084d2b36,19-05-2025 07:29,126.99,MCT2842,25.043449,47.178421,France,194.21.0.0/16,TRUE,2,MobileApp,CNY,17-05-2025 14:29
495158f2-8b26-44f7-94d8-9adfaaf9f0f9,08-11-2025 19:24,94.64,MCT8623,-85.989037,-49.238555,India,223.142.206.56/32,FALSE,2,Web,MYR,04-11-2025 09:24
5fa48e91-5c60-49fc-a728-740a41be5c80,02-10-2025 01:05,368.7,MCT5071,-64.862881,-111.552232,Philippines,208.199.192.0/19,FALSE,0,Web,EUR,30-09-2025 00:05
447a7ebf-8df0-4ca3-926c-33ef962f61b5,03-04-2025 08:51,7385.5,MCT6263,-37.086965,78.484402,Nigeria,196.253.162.179,TRUE,4,MobileApp,THB,03-04-2025 08:43
f8dba8a9-3814-4b9c-b244-c9ae7c81a734,03-04-2025 06:34,9765.98,MCT4243,72.253228,-27.629906,Vietnam,100.142.32.0/19,TRUE,4,API,CNY,03-04-2025 06:32
2f879a39-e2ef-4611-8987-05da25290bf3,08-06-2025 13:23,381.43,MCT3299,26.1024775,-109.979403,Malaysia,32.0.0.0/9,FALSE,1,API,SGD,06-06-2025 09:23
6d7e8ae3-c6b1-4849-9ee0-cd2603e97682,20-04-2025 14:20,54.9,MCT9956,17.5412455,-13.998401,France,144.114.32.0/19,FALSE,1,Web,KRW,19-04-2025 22:20
fef8762d-fee7-4e54-8661-3fda09cc10f3,02-05-2025 19:09,400.63,MCT7019,68.3137555,96.962049,Thailand,180.65.36.192/30,FALSE,2,MobileApp,KRW,26-04-2025 14:09
f1d8173d-0c43-4834-96ac-cbd37b2adad3,13-02-2025 15:15,453.45,MCT3149,-18.4789985,-25.930064,India,76.0.0.0/7,FALSE,0,API,USD,07-02-2025 09:15
9a747081-f8c1-4b38-b8f3-e4262b7300a0,09-12-2025 18:28,24.92,MCT3378,-57.5613205,-30.444765,Malaysia,85.81.64.64/30,FALSE,2,API,SGD,09-12-2025 06:28
af3d49ee-f0b8-4a19-b9fe-d62a75029f0b,21-05-2025 09:36,190.29,MCT4769,-5.793572,-90.777859,China,153.236.0.0/16,FALSE,0,MobileApp,USD,19-05-2025 23:36
04d14dfb-a20b-439e-a9f7-72e3021ac8ff,27-05-2025 15:00,370.46,MCT3538,55.3146555,179.348245,Singapore,140.11.192.0/18,FALSE,0,API,EUR,24-05-2025 02:00
139ae4fb-a61a-4cae-a660-a3a89f41e0d6,26-05-2025 22:06,262.96,MCT8155,-65.0577095,-7.395922,Thailand,70.0.0.0/7,FALSE,2,Web,KRW,24-05-2025 02:06
287d2f01-cf14-4853-aec4-2edde84eb6e9,05-04-2025 14:08,77.44,MCT1744,-35.7127445,152.708332,Australia,90.100.64.0/18,FALSE,0,API,GBP,30-03-2025 06:08
cd911b5a-85d8-49e2-87ae-939690008f47,24-12-2024 07:06,360.4,MCT8504,16.052763,5.386578,Canada,64.200.29.88/30,FALSE,1,API,CNY,18-12-2024 09:06
e5dc6111-aa3d-4a63-b536-ee829561b100,09-07-2025 06:29,7630.74,MCT1514,-28.3020805,80.8257,Vietnam,136.227.78.234,TRUE,5,MobileApp,THB,09-07-2025 06:07
d748bd99-fcb3-495f-a90d-239b6a4415e0,06-08-2025 12:07,199.42,MCT1033,-3.686208,-135.051692,China,146.24.0.0/14,FALSE,2,API,EUR,01-08-2025 01:07
78486ebd-7605-4ab5-8fd5-a4e0dbc03071,02-12-2025 14:25,88.83,MCT4297,70.0627675,-137.450052,Singapore,77.248.0.0/14,TRUE,0,MobileApp,JPY,27-11-2025 00:25
d0593a3a-2ce6-41eb-a30e-ab55dc4ad8a3,06-01-2025 11:20,313.72,MCT6155,59.3613175,-140.475316,South Korea,69.144.0.0/12,TRUE,1,MobileApp,MYR,04-01-2025 11:20
3a59b40b-ec95-49f5-aad7-23617447609b,29-09-2025 13:20,463.37,MCT4369,-36.5141945,21.341594,Thailand,50.212.0.0/16,FALSE,0,API,MYR,25-09-2025 18:20
edd208c5-f527-4781-b933-c5955fbd0f48,09-01-2025 20:20,107.27,MCT1344,71.1523335,-81.148286,South Korea,14.0.0.0/7,FALSE,2,API,USD,09-01-2025 17:20
031974c6-5412-4faa-8899-404ba5516d4b,29-11-2025 06:09,373.2,MCT3567,7.0589245,-44.978049,South Korea,108.193.128.0/17,TRUE,1,API,MYR,22-11-2025 23:09
7a4df4b8-0c3b-472f-853c-9a706450f6e1,08-04-2025 20:49,279.37,MCT5801,30.8136545,-3.733341,Malaysia,178.225.162.4/30,FALSE,0,Web,KRW,02-04-2025 07:49
646c45b1-3a25-43bf-a63f-6a7101ffe815,27-01-2025 10:18,53.17,MCT9202,-79.5868605,-154.806894,UK,39.212.0.0/15,FALSE,1,Web,THB,22-01-2025 00:18
aaa072a2-a9bc-4946-831f-2e866cec0c66,28-12-2024 08:12,218.79,MCT2278,25.596635,20.277042,China,67.233.0.0/18,FALSE,0,Web,CNY,27-12-2024 15:12
6ff08f64-13fe-4b3b-80a4-66792247baa4,03-08-2025 10:46,321.07,MCT8602,81.74913,-14.323062,USA,115.46.160.0/20,TRUE,1,API,JPY,31-07-2025 22:46
8b86d3c1-3a58-4b09-95fb-d56f11b5d0a4,28-12-2024 15:56,407.42,MCT6390,27.289512,-79.287941,UK,15.96.0.0/12,FALSE,0,API,MYR,22-12-2024 13:56
f7a56724-7d08-410e-9d85-f9e6cdf1e70a,11-11-2025 00:01,13.95,MCT5275,-73.3215095,102.666682,Philippines,117.125.24.0/21,FALSE,0,Web,MYR,04-11-2025 05:01
ce0e0097-95bb-4a69-bbc6-f800afac6bb0,23-01-2025 02:48,487.3,MCT2458,-65.53855,-77.925842,Germany,75.195.16.0/21,TRUE,1,MobileApp,GBP,19-01-2025 12:48
df9f98d1-5c27-41fd-8cf7-3fa9df9bb6f3,29-05-2025 18:11,2758.27,MCT2421,-83.126794,-83.066429,China,64.0.0.0/9,FALSE,8,MobileApp,THB,29-05-2025 18:00
d002b5a5-35e2-4468-9857-d6af1a40c40d,08-12-2025 23:26,159.56,MCT8751,-80.0811015,130.97351,China,87.91.44.0/22,FALSE,0,Web,JPY,02-12-2025 03:26
587ad511-219a-43b4-86de-56d0568ec0da,26-01-2025 09:36,477.27,MCT6255,-74.825475,-162.64925,Thailand,210.155.0.0/21,FALSE,1,Web,EUR,21-01-2025 01:36
35f06f8d-59ff-4d30-aada-71876b078f40,18-03-2025 16:20,24.46,MCT8132,-8.7294935,12.760797,Canada,1.35.64.0/18,TRUE,0,Web,EUR,12-03-2025 01:20
bcac6c7e-0226-4c5a-a6e5-7185e5b77f94,20-10-2025 18:25,218.32,MCT2779,-10.565617,112.938374,India,28.0.0.0/8,FALSE,1,API,INR,18-10-2025 10:25
916c2868-f210-4d22-9410-277861ca00b1,28-12-2024 17:06,95.7,MCT3897,-17.7813085,-92.936718,Germany,216.160.155.0/28,FALSE,2,Web,MYR,24-12-2024 08:06
1f0bb2c3-003d-4346-9438-5c0c8d76a409,20-07-2025 08:33,35.65,MCT5995,-42.701154,-151.662663,South Korea,106.66.183.107/32,FALSE,2,MobileApp,CNY,20-07-2025 02:33
25712cc6-52a5-4563-bfd4-9b6bf5d1d890,10-01-2025 16:26,24.42,MCT7040,-64.779275,65.796811,South Korea,205.98.0.0/15,FALSE,2,MobileApp,THB,04-01-2025 22:26
0afbd24a-57f6-422f-a932-fb05387d007f,13-12-2025 05:14,499.78,MCT8215,-37.689395,28.393342,Germany,9.117.128.0/19,FALSE,1,MobileApp,SGD,08-12-2025 03:14
0fd76a63-fbee-48a7-8464-c5a7b827c367,24-12-2024 10:38,59.12,MCT2074,-12.798268,121.413659,Malaysia,56.160.0.0/12,FALSE,0,API,INR,20-12-2024 18:38
ed8b6170-adbf-4f0a-b40f-6aa5ce65ac0c,07-10-2025 18:25,287.49,MCT5451,48.3442475,-79.456101,China,52.114.25.0/26,FALSE,2,API,INR,03-10-2025 08:25
2d990cea-099e-419e-ae4c-e82b7f15d50b,03-10-2025 03:52,3678.59,MCT1287,-36.2162185,-108.254796,Canada,199.10.225.202,TRUE,9,API,CNY,03-10-2025 03:38
fd3e4772-b043-4ddb-bf95-9ee22e2eac46,27-11-2025 20:50,299.38,MCT2269,84.3517865,47.039995,Philippines,137.21.128.0/17,FALSE,2,MobileApp,CNY,23-11-2025 11:50
20b88f4e-ed7d-40e5-878a-eefe69b869f3,14-09-2025 15:00,8793.19,MCT8909,70.512468,168.36939,China,154.51.64.173,FALSE,6,Web,KRW,14-09-2025 14:39
455375d7-3925-4c7d-9216-de9b88750d36,04-08-2025 05:02,132.36,MCT8206,51.811414,36.969553,Thailand,139.177.66.64/26,TRUE,0,API,INR,02-08-2025 01:02
c70b44da-3f8e-454b-86d9-63aa9cc71c95,10-03-2025 18:46,141.81,MCT8812,59.831168,-40.262168,Malaysia,189.196.125.0/25,TRUE,1,MobileApp,JPY,06-03-2025 04:46
b1c109b8-fe66-4edb-8ea5-471e268df289,27-03-2025 01:14,6178.39,MCT2616,9.560592,-28.584252,France,4.164.11.98,FALSE,6,Web,EUR,27-03-2025 01:13
c72a2043-bde0-4450-b0c4-4eb90cd9cc55,12-10-2025 01:56,387.49,MCT5979,-87.3403105,-127.689615,Australia,162.23.224.0/19,FALSE,2,Web,EUR,10-10-2025 15:56
5d76a32b-ffb4-4dcb-84f0-1bce60d16576,11-09-2025 07:28,257.82,MCT3296,-2.138357,55.815002,South Korea,60.237.241.0/24,FALSE,0,Web,EUR,09-09-2025 02:28
b25972aa-76df-4e3c-80fb-b92c9abb0451,13-05-2025 12:22,11.56,MCT9197,-58.306664,-136.884074,China,22.219.56.0/23,FALSE,1,MobileApp,INR,12-05-2025 21:22
36c076c0-0a4a-46d0-bd81-c863f5a8cb19,29-12-2024 10:42,456.95,MCT1044,10.596559,16.544882,South Korea,30.127.224.0/19,FALSE,0,API,THB,27-12-2024 20:42
f19c61be-69ce-4633-ab31-1af953f17980,13-11-2025 03:32,388.75,MCT3510,25.180828,53.944186,Singapore,32.0.0.0/4,FALSE,2,API,THB,12-11-2025 04:32
f9c3c5f4-6fe2-4912-b371-49b7fc2107d6,30-04-2025 18:43,472.54,MCT3144,-47.7720965,-124.803568,Singapore,65.218.44.0/22,FALSE,1,API,MYR,29-04-2025 14:43
5acbaa25-0f52-4502-bfc7-71d2e163aa29,11-09-2025 00:30,206.79,MCT4619,-37.2772275,41.441656,Singapore,220.240.0.0/15,FALSE,2,API,SGD,06-09-2025 08:30
7881dfba-928c-4847-bdc1-f640797ac94f,19-04-2025 03:02,310.19,MCT3365,62.5149635,57.148162,China,144.198.152.204/32,FALSE,1,MobileApp,MYR,13-04-2025 02:02
bbc58e6b-9aeb-4d3b-9df8-fd7fe9a07d69,03-11-2025 09:04,335.16,MCT8176,-23.1504525,122.371526,South Korea,46.128.0.0/9,FALSE,2,Web,THB,27-10-2025 15:04
2bbc6e74-f340-4360-9749-0cc9e1e16394,24-05-2025 00:49,71.92,MCT8172,40.1078425,-41.535239,USA,102.188.16.0/22,FALSE,0,API,JPY,18-05-2025 19:49
613678e4-304b-47fc-91c8-e2291da11a01,12-11-2025 11:55,31.76,MCT4039,-66.437306,52.382136,Australia,93.96.0.0/12,FALSE,0,MobileApp,KRW,06-11-2025 08:55
e37a9411-5e71-4e96-93d0-dd6bce692809,12-04-2025 21:36,273.36,MCT9729,-30.4518915,67.124143,China,24.42.218.0/24,FALSE,2,MobileApp,USD,06-04-2025 07:36
f29b8ec7-70bb-4c9e-9453-e17735bb8e67,08-03-2025 12:27,94.4,MCT2995,-73.1065355,87.03295,Thailand,95.248.238.0/24,TRUE,0,MobileApp,INR,05-03-2025 00:27
15a362d9-c0f5-48aa-9dd9-9a6518248847,27-07-2025 16:48,487.15,MCT2894,-72.070158,-137.281803,France,5.253.192.0/19,FALSE,1,Web,JPY,24-07-2025 02:48
e7990883-ed76-4ad5-a414-aebc00124923,05-08-2025 03:35,407.87,MCT1255,-62.5327005,-80.415435,South Korea,190.115.58.152/32,TRUE,0,API,MYR,04-08-2025 05:35
b0b01377-0daa-45be-82e4-309f1822176d,01-07-2025 01:02,460.94,MCT5516,54.1634325,117.6396,UK,181.75.186.104/30,TRUE,2,Web,THB,27-06-2025 06:02
5a32eca4-2d4b-47ba-8cb7-8b0204c1e826,18-09-2025 15:35,229.4,MCT4054,-42.29553,-48.935576,India,105.212.0.0/15,FALSE,2,Web,KRW,15-09-2025 13:35
8d740b1d-a63f-44d6-913e-626e915e88af,09-12-2025 02:16,388.02,MCT6592,13.0104115,96.763994,Japan,74.162.86.88/29,FALSE,0,MobileApp,THB,08-12-2025 15:16
21422312-e02d-4622-8a44-59331307db74,27-02-2025 02:35,442.99,MCT1651,19.2158075,173.495561,Malaysia,128.0.0.0/4,FALSE,1,API,GBP,26-02-2025 19:35
c098814a-0001-4a4a-93fd-0eb3a946f082,07-03-2025 19:14,95.2,MCT6131,-40.1150315,2.20319,Canada,144.0.0.0/6,TRUE,2,Web,EUR,06-03-2025 02:14
18a2db54-2ebf-43c5-b3d6-c53bb7b2fd16,13-02-2025 06:01,9399.38,MCT4563,-36.912092,-45.514225,Russia,49.222.33.178,FALSE,3,MobileApp,GBP,13-02-2025 05:51
c9d95734-8fc5-4539-9c0f-eb106dae9a8f,09-09-2025 00:28,29.54,MCT4027,-66.628604,-17.61122,France,117.109.95.128/26,FALSE,0,MobileApp,SGD,07-09-2025 21:28
595f494a-0bc9-479e-a6da-ba6760369562,14-01-2025 20:37,159.26,MCT6887,55.672119,129.923527,Germany,61.207.196.0/22,TRUE,1,API,JPY,10-01-2025 21:37
e691cb73-62a7-4b1e-b286-9a644991608f,27-03-2025 19:35,163.17,MCT6166,-21.85794,-143.36237,Thailand,160.0.0.0/6,TRUE,1,Web,KRW,23-03-2025 15:35
1722a9b2-8b39-419f-a552-180ab507cdf6,14-08-2025 22:40,314.53,MCT1437,15.3345045,0.236428,Germany,128.0.0.0/3,TRUE,1,Web,JPY,11-08-2025 08:40
4f0ea569-b287-4db6-8408-8890e549850a,16-03-2025 13:54,290.25,MCT4660,-21.4037195,-6.173804,Australia,108.17.104.0/22,TRUE,2,MobileApp,MYR,12-03-2025 21:54
980f1d9d-d568-423d-b0dc-faffad584384,09-01-2025 23:28,6462.85,MCT9589,-12.2131645,-6.461665,Brazil,104.0.0.0/5,TRUE,5,Web,CNY,09-01-2025 23:08
11693e0d-06ea-43a1-85c2-1d5f33470626,15-10-2025 04:40,7664.56,MCT8581,-47.3441915,-105.917873,Russia,131.67.78.223,TRUE,7,API,EUR,15-10-2025 04:19
678dcbbb-4a38-41c4-94cc-89232f6f7c15,18-01-2025 17:54,64.82,MCT9692,-13.401123,112.762535,Japan,2.128.0.0/9,TRUE,1,Web,THB,13-01-2025 04:54
a62a18ad-df1c-4eb9-b293-d577979d851e,28-07-2025 08:05,223.97,MCT5188,61.9208115,-139.774758,France,15.193.8.48/32,FALSE,2,API,JPY,26-07-2025 22:05
847a95fc-565a-4b66-8a90-57d721044c82,18-04-2025 18:36,55.88,MCT3274,27.518636,-111.519108,South Korea,194.0.0.0/8,FALSE,0,API,THB,13-04-2025 22:36
e89a5495-3246-4102-b268-661ba34fa312,18-02-2025 19:08,442.85,MCT6333,-80.8020975,39.643675,Singapore,21.96.0.0/12,TRUE,1,Web,EUR,15-02-2025 05:08
8fd1d3ea-bbd5-4b05-a533-db0a54bbf383,01-05-2025 23:05,301.14,MCT8288,-6.130713,-3.959694,Japan,70.0.0.0/7,TRUE,1,Web,INR,26-04-2025 11:05
ccb29a98-7356-49eb-b9b3-a2ec2cc7ba2c,14-04-2025 04:42,465.64,MCT1731,-26.0099025,-84.598817,Malaysia,33.183.57.192/29,FALSE,0,MobileApp,THB,09-04-2025 22:42
8b4c5e0b-aef6-4a92-858e-59fbd70a532a,30-06-2025 18:52,14.05,MCT6057,43.864297,-114.600721,Canada,155.204.0.0/15,FALSE,1,Web,MYR,26-06-2025 19:52
fd23d58a-54bf-43b6-8849-8a4d313c3ef9,05-03-2025 02:16,9125.93,MCT8581,-12.3735255,-111.65001,Russia,84.160.0.0/11,FALSE,9,API,INR,05-03-2025 02:08
65899d95-243e-451c-a292-8164ebe9a2bd,15-07-2025 23:47,243.85,MCT6930,-7.3676995,-69.1226,Philippines,61.220.0.0/14,FALSE,0,MobileApp,USD,15-07-2025 21:47
9d419dbb-55ca-49a5-abb1-2cba439e137a,21-12-2024 03:18,4246.56,MCT5529,-6.4275335,-125.048453,Thailand,25.14.203.46,FALSE,4,API,USD,21-12-2024 02:55
fa7f3d73-cf38-4be3-a692-6200721052ad,03-03-2025 11:32,30.69,MCT1732,-22.4772585,64.723918,Australia,186.128.0.0/9,FALSE,2,MobileApp,EUR,28-02-2025 09:32
b81f9d08-3e58-4136-a909-6f3259a67257,12-11-2025 15:22,472.32,MCT3763,61.5195375,-143.575105,UK,42.24.135.0/24,TRUE,1,MobileApp,CNY,10-11-2025 08:22
14724bf8-8c6c-4b42-ad73-f6679fb43a53,17-10-2025 22:11,160.51,MCT8934,81.8472655,102.057721,Thailand,3.248.0.0/14,TRUE,1,MobileApp,CNY,12-10-2025 15:11
6875dcb4-a552-4773-9c49-8a854ccced45,05-07-2025 15:23,231.05,MCT7869,-87.2519395,-20.496765,UK,171.120.0.0/15,FALSE,2,MobileApp,INR,29-06-2025 02:23
c4769125-939e-4b65-a48f-ff13fa177189,22-02-2025 03:14,310.55,MCT7005,-27.7000205,45.358523,Thailand,50.216.165.18/31,FALSE,2,MobileApp,GBP,20-02-2025 08:14
2756da67-8cef-456d-9fed-11cd000599fe,09-11-2025 15:57,96.79,MCT8148,-22.396707,-0.757152,Japan,9.231.128.0/17,FALSE,0,MobileApp,CNY,07-11-2025 17:57
bd8dc3a6-c080-45c1-a699-7f94c12c38ca,28-05-2025 10:48,251.23,MCT7608,-3.215967,-64.869084,Japan,21.104.108.0/23,FALSE,0,MobileApp,INR,22-05-2025 19:48
8dd45203-7e3b-4bb0-a6a5-43b7eb3c7d94,04-04-2025 00:56,8846.01,MCT9008,65.64349,-122.326648,Indonesia,158.251.186.110,FALSE,8,MobileApp,KRW,04-04-2025 00:49
97f698b5-4e2f-4dcb-aa61-c806949e1073,01-03-2025 15:11,197.3,MCT1952,16.589654,-146.444049,Thailand,140.192.0.0/11,FALSE,2,Web,INR,24-02-2025 17:11
b6fdb9ae-2148-4848-9eb4-0db460047717,07-06-2025 19:32,383.36,MCT6019,-87.277943,-126.484699,Canada,186.191.132.0/23,FALSE,1,MobileApp,USD,06-06-2025 19:32
85ec02b0-a8a9-4089-ac74-b8ad32cd96c5,03-06-2025 10:07,261,MCT4602,29.3053405,-74.655281,Thailand,65.216.80.0/21,TRUE,1,MobileApp,CNY,01-06-2025 09:07
84999d91-d23d-4a01-b157-e4d49efda556,29-01-2025 12:00,290.15,MCT4181,57.5151115,73.366452,France,180.128.0.0/10,FALSE,1,Web,SGD,27-01-2025 23:00
a53be963-2d01-4ef0-99a9-b5ac9e49a845,06-11-2025 23:20,481.34,MCT6606,36.4297775,-83.017796,Japan,187.58.119.0/26,TRUE,2,MobileApp,THB,05-11-2025 12:20
84063c8c-e0c4-4f4e-9aca-22b1a421b506,18-09-2025 13:51,242.7,MCT8071,-48.2009505,65.851053,Philippines,169.64.0.0/10,FALSE,1,API,THB,16-09-2025 22:51
1a269f6e-308f-4a68-a8e4-dd042fa0fe78,18-02-2025 00:48,321.27,MCT4324,39.228787,-45.603096,Malaysia,105.128.0.0/12,TRUE,2,Web,INR,15-02-2025 12:48
caa013cd-60d5-4707-8d3d-0065dcc46b61,06-03-2025 15:57,137.64,MCT4340,64.7196955,83.13757,Germany,176.0.0.0/4,FALSE,1,MobileApp,EUR,03-03-2025 01:57
e26bb003-4f32-496c-8ea0-028a3c253447,22-07-2025 14:47,335.6,MCT8392,-12.1118725,-35.550429,France,122.169.0.0/19,FALSE,0,MobileApp,KRW,15-07-2025 14:47
a8571e34-f303-487f-83f2-c7b7088c0a40,25-04-2025 23:16,16.9,MCT1067,-52.081937,-108.804345,Japan,189.73.6.224/28,TRUE,0,MobileApp,EUR,21-04-2025 17:16
dbc8ae2c-3d6c-406a-aa2e-531e3035f09b,10-12-2025 08:17,451.21,MCT6586,38.4954965,28.649566,South Korea,81.110.0.0/17,TRUE,1,MobileApp,JPY,10-12-2025 06:17
a3347af2-4c4f-46a5-82e2-eb262f4e11c5,02-02-2025 11:02,159.57,MCT9791,-23.107176,-122.060535,China,2.113.142.79/32,FALSE,1,MobileApp,THB,02-02-2025 04:02
f4f45dcf-84af-40ec-bd80-5c747a68e701,07-11-2025 08:42,99.89,MCT6483,-76.115526,-20.42006,China,176.0.0.0/4,FALSE,1,MobileApp,MYR,01-11-2025 07:42
4388a059-7888-46e8-a020-7d284499dc6d,13-11-2025 11:36,70.73,MCT6502,-68.844872,88.701171,France,112.122.192.0/18,FALSE,0,API,THB,10-11-2025 21:36
075d1191-3f8a-4ab8-9c3c-8f72f4f0d3bb,16-11-2025 23:48,499.16,MCT2712,-27.61831,-170.366595,Japan,219.238.195.252/31,FALSE,0,Web,INR,15-11-2025 02:48
e5f9a937-5fa9-4546-bc1c-f67f7e491b77,02-02-2025 07:15,391.65,MCT8550,72.1607435,111.412571,China,94.204.159.16/28,FALSE,0,MobileApp,CNY,31-01-2025 13:15
22a39809-9609-483b-9f80-6d84bbc7def7,13-05-2025 17:19,216.65,MCT5043,-21.813873,-140.393164,Canada,91.192.0.0/10,TRUE,1,MobileApp,CNY,09-05-2025 02:19
a51dca08-cd61-4be4-8c39-a1a98c0a31ad,27-08-2025 07:17,7.62,MCT6907,38.4283075,9.313771,USA,6.215.0.0/16,TRUE,0,Web,THB,25-08-2025 15:17
614606ad-febd-4806-95a0-ea654dbcb2c5,14-01-2025 19:44,311.38,MCT7407,-42.868632,38.015034,Australia,201.25.150.152/30,FALSE,0,Web,KRW,11-01-2025 04:44
61e55d32-eb79-4dc2-8529-13ab4ab3eb56,13-11-2025 10:59,259.32,MCT2716,-32.467242,98.488544,India,74.180.0.0/15,TRUE,2,API,THB,08-11-2025 18:59
faaa1213-391d-433b-b100-9c1656cf9253,06-01-2025 07:25,8464.81,MCT3326,89.309934,103.466324,South Korea,145.217.66.179,TRUE,10,MobileApp,SGD,06-01-2025 06:55
86edd83d-2d30-499a-aac2-b1a9b1e3646f,25-03-2025 17:42,117.54,MCT1591,-39.5309155,60.347861,Canada,79.96.0.0/12,TRUE,1,MobileApp,JPY,25-03-2025 00:42
c01e0c02-dd62-4d94-8d82-3af33dac872a,27-09-2025 11:47,81.63,MCT3184,37.323984,147.756214,South Korea,125.116.86.208/28,FALSE,2,Web,MYR,22-09-2025 00:47
2c70f2f1-68b3-43d7-85eb-ab979612b339,22-10-2025 00:28,387,MCT8267,22.438216,-172.21112,Philippines,199.1.44.164/30,TRUE,2,MobileApp,KRW,19-10-2025 07:28
71c26c12-9079-4d94-beed-45327a519fdb,31-12-2024 20:59,251.59,MCT7816,11.405123,-21.605958,China,101.24.233.128/25,TRUE,2,API,THB,28-12-2024 02:59
24cf48cf-efdf-41ec-b0ae-29e47c751354,16-04-2025 04:05,26.8,MCT9492,-60.890953,-71.777123,South Korea,32.0.0.0/3,FALSE,0,API,KRW,15-04-2025 20:05
39502bc7-ddb9-4557-a80e-17abe32bc0dc,22-10-2025 07:13,7406.71,MCT5424,19.5422825,-55.070318,Malaysia,91.228.0.0/14,FALSE,10,API,CNY,22-10-2025 06:57
61e83d35-73f1-488c-8e76-c692d8927e3d,08-08-2025 15:19,97.51,MCT2441,-51.410773,54.801794,Thailand,185.87.214.128/28,FALSE,0,API,USD,04-08-2025 22:19
1f12b03c-1bc7-4617-a892-99ce88206245,29-03-2025 21:56,9914.37,MCT3865,20.4064065,151.302001,Germany,5.95.81.34,TRUE,6,API,GBP,29-03-2025 21:27
aaa3fce1-0e55-47c7-8d78-d7d1e9b297a0,12-04-2025 20:12,35.84,MCT2323,72.743378,-61.489718,Philippines,5.40.205.131/32,FALSE,1,MobileApp,JPY,11-04-2025 17:12
883adcf7-de79-45e4-acea-04ad5b4e90f2,09-05-2025 10:14,244.58,MCT5693,-41.630756,79.535563,Singapore,15.103.15.128/25,FALSE,1,API,THB,09-05-2025 00:14
aa6c250a-da07-43ea-a51d-795cdfd827e4,03-10-2025 23:42,299.38,MCT9998,34.735169,110.203349,Malaysia,110.160.0.0/13,TRUE,1,MobileApp,CNY,02-10-2025 02:42
7c9ace1b-33db-42e8-be8f-484bca565a15,23-01-2025 23:26,203.47,MCT2567,-53.3354805,9.379412,Thailand,51.103.241.192/28,FALSE,1,MobileApp,JPY,17-01-2025 06:26
fe0a80dc-76a4-4336-86e9-d555cd2a8bcc,30-11-2025 00:25,205.47,MCT7065,-22.3692345,-14.161666,South Korea,145.81.224.0/19,FALSE,2,API,EUR,29-11-2025 05:25
65602240-5f15-422d-af5e-3ce8e948fff7,25-11-2025 05:05,382.91,MCT8782,-43.064192,135.477118,China,32.224.0.0/12,TRUE,0,MobileApp,THB,24-11-2025 11:05
da9a0bd0-8247-44e9-848f-a990d1ded04e,25-10-2025 13:02,176.64,MCT6069,12.3495485,-136.314767,Germany,182.0.0.0/8,FALSE,1,API,EUR,21-10-2025 17:02
b6a49be3-4f46-4e3a-91fc-61ed90f1eabe,09-04-2025 10:58,138.43,MCT3407,-44.339048,138.28249,UK,49.0.0.0/12,FALSE,2,MobileApp,JPY,05-04-2025 03:58
dad7693c-eaa6-45d9-91a2-762d3d0b3855,04-04-2025 03:54,481.91,MCT4709,62.1377015,149.309199,USA,46.92.0.0/15,FALSE,0,MobileApp,SGD,28-03-2025 05:54
6673237f-a04b-4693-ac0e-8198ddca880b,02-08-2025 00:50,51.23,MCT2954,2.847899,113.230821,USA,10.5.240.208/29,FALSE,2,MobileApp,JPY,26-07-2025 16:50
84488b0a-1a6b-47b3-a14b-df3bdf23a801,27-08-2025 01:08,44.88,MCT2030,-68.06147,-146.347219,Singapore,80.0.0.0/4,TRUE,0,API,SGD,20-08-2025 20:08
0171ad22-5f8e-4d47-a9a6-960f044f791f,30-11-2025 07:28,4200.97,MCT5816,10.855022,9.791604,Russia,141.171.80.112,TRUE,3,Web,MYR,30-11-2025 07:01
16b99d3c-c9e5-48d8-b038-5892b8cb8a6c,17-10-2025 14:10,246.12,MCT6425,-61.8769545,27.64238,Canada,140.0.0.0/8,FALSE,1,Web,SGD,14-10-2025 11:10
046da908-9a03-4926-b87c-27d0baf20406,02-02-2025 08:09,79.93,MCT4071,-85.7383585,-73.048036,UK,163.158.124.32/27,FALSE,1,MobileApp,EUR,26-01-2025 16:09
2a601f3b-f865-4d18-830e-b0efb94f062f,05-01-2025 23:04,300.73,MCT7723,14.890095,61.71383,UK,76.227.34.0/24,TRUE,0,API,EUR,05-01-2025 13:04
95078a94-9c01-457c-8ef6-0231f82af9ce,13-08-2025 23:09,5460.87,MCT9405,-6.446627,138.965471,Philippines,162.0.0.0/8,TRUE,3,API,INR,13-08-2025 22:45
397e0784-5b86-41cc-b369-94f6c23a41c8,17-08-2025 20:53,248.46,MCT3364,-53.7604745,170.705765,India,218.125.0.0/16,FALSE,0,MobileApp,EUR,14-08-2025 13:53
3e8bcd9c-887a-462a-8ed8-9365bbf7b8cc,14-10-2025 01:25,150.95,MCT2868,-68.9718835,-115.391828,China,207.129.0.0/16,FALSE,2,Web,SGD,09-10-2025 08:25
613268b8-ffa8-454b-a585-fecbc8dc5c8d,05-09-2025 20:36,46.14,MCT4234,1.775179,57.125661,Japan,32.0.0.0/3,FALSE,2,API,CNY,04-09-2025 18:36
4af3bd71-7907-4af6-aa1e-dd724b180914,18-08-2025 10:07,8939.95,MCT3502,28.337552,-4.105867,Philippines,131.58.226.0/23,TRUE,7,Web,INR,18-08-2025 09:51
e5290dd3-cc64-413b-9adb-5ffa2cee9501,08-07-2025 14:28,254.08,MCT8002,43.8250805,124.230189,Singapore,48.0.0.0/4,TRUE,0,Web,INR,05-07-2025 16:28
7ec11f0a-5804-4977-b33f-8b6e0e0197fc,30-07-2025 02:51,147.8,MCT9661,79.1484705,-127.315366,India,100.132.224.0/19,TRUE,1,MobileApp,INR,25-07-2025 01:51
2adadf87-1e49-4d14-81eb-9b0a9680c8f0,17-06-2025 17:22,486.64,MCT5627,-21.2791345,99.43622,Japan,216.15.54.160/28,FALSE,0,API,MYR,14-06-2025 03:22
f544faa8-a733-438a-ad3a-9497da355205,16-08-2025 16:46,297.48,MCT3541,46.7436525,57.033466,Singapore,82.60.226.36/30,FALSE,1,MobileApp,MYR,12-08-2025 08:46
0327bdac-e7e5-48f0-974c-1bbb2c1275b4,01-09-2025 23:21,352.2,MCT7326,-34.622432,54.016356,Thailand,99.118.50.0/23,FALSE,1,API,INR,31-08-2025 08:21
bd263b63-997c-443d-92d8-5549461388dc,12-05-2025 02:56,51.28,MCT8242,-21.6696275,-132.466903,Singapore,151.0.0.0/8,FALSE,2,MobileApp,USD,06-05-2025 06:56
6b0796b4-1a37-4261-89d2-43066c023619,21-04-2025 07:38,399.66,MCT6159,85.428066,-0.915142,Germany,206.116.0.0/22,TRUE,1,API,INR,20-04-2025 03:38
f423d477-092d-47e8-8561-be0e6d54cf8f,01-09-2025 22:09,174.09,MCT2032,69.508564,133.84693,USA,161.0.0.0/8,TRUE,2,MobileApp,SGD,27-08-2025 07:09
6f025aed-71b2-4c0d-ad6a-0bb3417202c5,21-10-2025 06:41,294.91,MCT5919,26.9049755,-178.651876,France,42.60.64.0/21,FALSE,2,Web,MYR,20-10-2025 19:41
7854ca61-f9a7-4d1a-8979-566400a9b96f,20-09-2025 03:52,239.44,MCT9416,-55.440616,-132.818338,Australia,122.0.0.0/9,FALSE,2,MobileApp,KRW,16-09-2025 11:52
61a079b3-74f1-4890-97d9-619db816f04f,31-10-2025 15:20,221.41,MCT3869,7.779412,165.384932,France,123.102.70.0/26,TRUE,0,API,THB,30-10-2025 14:20
37a298b4-94f1-4ebd-a851-7d34b28d6b5c,02-08-2025 19:18,423.01,MCT3982,-22.914588,72.353593,Singapore,5.44.0.0/16,TRUE,2,API,MYR,28-07-2025 20:18
dc7ecfef-27d2-471b-9ccd-7312f077fe46,22-05-2025 02:32,95.12,MCT5125,84.319303,65.332329,Malaysia,120.0.0.0/6,TRUE,1,MobileApp,THB,19-05-2025 19:32
279f145f-d438-48fc-bdf6-4c9aec0a4433,27-04-2025 03:48,31.78,MCT4148,43.542393,-11.703138,Singapore,214.145.150.0/25,TRUE,1,Web,SGD,20-04-2025 20:48
168621f7-6e5a-4104-81cb-782895515756,20-04-2025 03:45,56.34,MCT9732,-52.4056745,150.772493,UK,112.103.0.0/16,FALSE,0,API,INR,15-04-2025 18:45
e6e6758a-bb78-4ffc-8fca-7c22df22f22c,30-08-2025 21:42,285.55,MCT9129,72.782511,21.161792,France,72.116.16.0/22,FALSE,1,MobileApp,INR,25-08-2025 18:42
639432f6-16df-45be-8b1e-0e29ec1acdf6,02-10-2025 07:06,125.34,MCT4955,-47.347311,124.078226,Australia,35.128.128.0/17,FALSE,1,MobileApp,JPY,30-09-2025 01:06
ae622689-5585-40f3-9b30-0a0960e40ae5,09-11-2025 21:39,427.13,MCT1728,2.8156575,-109.273155,South Korea,29.19.104.0/22,FALSE,1,Web,KRW,05-11-2025 15:39
68330882-80b4-46fb-8961-61789c535891,18-10-2025 21:59,141.9,MCT1871,-77.7287825,119.403151,Germany,98.18.220.0/22,TRUE,1,API,KRW,13-10-2025 07:59
401eae71-743f-454c-aeca-9d6c578477b0,02-07-2025 19:43,408.12,MCT8233,66.6139215,109.372275,Australia,128.0.0.0/6,FALSE,0,MobileApp,USD,26-06-2025 08:43
27f68bc1-4e4c-4d6b-bfb2-b81553f43f0c,25-08-2025 03:09,41.39,MCT2736,41.131102,99.94123,India,117.255.0.0/16,FALSE,2,MobileApp,USD,21-08-2025 15:09
0e95b5e9-a813-4b25-8b67-481af6140aaf,05-06-2025 18:54,9556.69,MCT9559,14.3066965,-101.342632,Indonesia,132.187.63.81,FALSE,9,API,MYR,05-06-2025 18:47
8096b2bf-f5e4-42b1-9e73-aa369be0b3e2,29-08-2025 11:59,7070.57,MCT3580,-87.7164835,77.402333,UK,221.222.0.0/15,TRUE,5,Web,CNY,29-08-2025 11:39
19ac3e7e-e3ed-4986-8cb7-2c5290328ca4,16-06-2025 23:10,394.15,MCT6106,-68.5064835,-120.429383,China,218.88.0.0/14,FALSE,0,API,JPY,13-06-2025 23:10
6214a98f-15d9-4ea0-910a-8207b1875c06,21-09-2025 10:02,384.71,MCT9448,-66.0380915,88.752107,Thailand,37.178.255.0/24,FALSE,1,MobileApp,THB,17-09-2025 08:02
73a51a2e-7171-4c8f-8b34-b0290d6ceccc,05-01-2025 13:20,334.48,MCT1874,36.9415075,15.06555,Thailand,208.0.0.0/5,FALSE,0,MobileApp,INR,04-01-2025 22:20
d0582d71-944f-4aba-a924-1fefd0b8a007,11-01-2025 14:39,386.18,MCT2110,31.230017,-68.890244,Thailand,68.0.0.0/6,FALSE,0,MobileApp,GBP,07-01-2025 08:39
770d455a-cc68-421b-b51e-f8131c8e7d43,03-05-2025 06:49,259.78,MCT4593,22.9351915,97.396636,France,124.52.158.64/26,FALSE,2,API,MYR,28-04-2025 01:49
a63f547e-94c1-474c-947a-ac5759a3f18d,12-06-2025 05:14,366.32,MCT9245,89.994052,-33.50089,Thailand,186.224.122.130/31,FALSE,1,Web,EUR,05-06-2025 05:14
bb05a25a-f4ab-43d3-8980-57f61893a489,09-05-2025 01:52,150.64,MCT4654,4.7468385,5.885976,Canada,39.0.0.0/10,FALSE,2,API,INR,06-05-2025 15:52
1aa0fccc-d70c-47c1-8257-d939f9c1a806,24-07-2025 16:08,211.95,MCT4081,-22.14696,-23.777366,Canada,84.0.0.0/13,FALSE,2,MobileApp,THB,17-07-2025 23:08
b66f4d50-f75b-4979-a241-654200f16956,15-08-2025 09:47,158.68,MCT6002,88.4908505,-78.896832,Australia,94.50.214.56/30,FALSE,2,Web,USD,12-08-2025 07:47
87caa816-2907-4812-9de4-36b851692fda,08-04-2025 21:34,313.93,MCT7573,54.890551,-84.974054,Malaysia,203.102.0.0/16,FALSE,0,API,CNY,05-04-2025 14:34
95e4a0e4-b796-4802-9568-def19d1f41a2,07-09-2025 05:31,196.95,MCT5942,-12.333106,57.502749,Japan,42.128.0.0/9,TRUE,0,Web,EUR,01-09-2025 09:31
792bc39c-1cfd-4e93-a6a0-2115da15ebfe,23-04-2025 21:50,417.39,MCT3238,36.1402865,79.666273,Singapore,207.143.164.160/27,FALSE,2,API,INR,17-04-2025 10:50
b454ad8e-8206-4c13-b0bd-db0432787b74,15-02-2025 21:33,351.09,MCT7809,4.52219,-28.475925,UK,24.0.0.0/5,FALSE,2,MobileApp,MYR,09-02-2025 04:33
6382d2b6-32cf-4cb6-b6ce-81187d273721,01-11-2025 13:35,106.9,MCT3874,-78.0964175,143.7924,Thailand,110.182.234.140/30,FALSE,2,API,MYR,31-10-2025 03:35
f2370ced-f04f-4bad-a60b-5e2f5b52751c,13-09-2025 14:21,326.32,MCT7253,23.783117,-122.864874,UK,190.164.27.75/32,FALSE,2,MobileApp,JPY,07-09-2025 14:21
36cb516a-6a9b-4e58-92f5-3feb06b89e89,18-10-2025 17:31,30.48,MCT8679,61.5696195,118.254178,South Korea,116.162.63.224/27,FALSE,0,MobileApp,JPY,15-10-2025 01:31
244eed1b-cfa6-402c-9e2b-ae00587de4fc,04-03-2025 11:19,3960.96,MCT9328,-46.733052,-80.833115,Brazil,222.10.196.221,FALSE,10,API,INR,04-03-2025 11:01
8092b81c-4625-4b18-9c98-a74094bdd0a0,28-07-2025 00:33,258.38,MCT4994,82.787035,-99.92646,South Korea,53.0.0.0/9,FALSE,0,API,INR,23-07-2025 20:33
abb40c8d-eb78-4640-a19e-f7ce1360ec5b,03-06-2025 20:57,130.04,MCT4755,-9.0978985,111.500366,Singapore,211.104.192.0/18,TRUE,1,MobileApp,JPY,31-05-2025 12:57
91d50b71-fbba-4dec-8c4b-4dbcf4c9f762,09-12-2025 11:14,493.02,MCT8496,69.9070155,-37.898736,USA,178.142.238.171/32,TRUE,1,MobileApp,EUR,08-12-2025 16:14
9601bee6-6ff8-4eb2-9d12-53a6924678a1,10-06-2025 12:30,8625.79,MCT6216,-85.468243,62.811479,Nigeria,206.231.7.246,TRUE,4,MobileApp,USD,10-06-2025 12:06
e94b2f85-809c-4a36-a81f-bbda355c4835,01-02-2025 17:21,475.48,MCT4383,-76.696022,143.580934,Canada,94.0.0.0/9,FALSE,2,Web,MYR,30-01-2025 15:21
a7752b66-a6a3-4aa0-a599-f45a050b8c83,12-09-2025 11:57,105.43,MCT9744,85.3865725,-130.546101,India,164.102.106.160/27,FALSE,1,MobileApp,INR,08-09-2025 04:57
ccc7d045-e95c-4804-9149-5fa8e157dd99,19-08-2025 22:59,499.82,MCT5095,-26.1678955,-58.320757,Thailand,99.241.64.78/32,FALSE,2,Web,JPY,15-08-2025 02:59
77972b56-9b78-4a0b-b0e1-0102cd740ba1,12-12-2025 18:26,308.22,MCT6323,-43.5773995,-76.247047,China,72.166.121.64/26,FALSE,1,API,INR,11-12-2025 12:26
083cf04a-133e-412b-8650-3e77b06b8949,15-07-2025 02:24,180.86,MCT4506,-21.495472,-136.720532,Germany,135.45.0.0/19,FALSE,1,API,INR,10-07-2025 17:24
8929cdfe-fa35-41a0-ba58-754b4d76b61a,21-02-2025 17:42,398.78,MCT2273,-78.156558,-36.591149,UK,106.115.0.0/16,FALSE,0,MobileApp,GBP,19-02-2025 02:42
8ca24ba6-98a2-4a0c-b399-7577a888f2d5,18-11-2025 07:38,188.21,MCT3210,-29.900359,90.847083,Philippines,94.170.0.0/16,FALSE,1,MobileApp,EUR,15-11-2025 02:38
48e32e59-e7ad-439e-80e2-fd9a0dd64518,08-03-2025 02:59,224.6,MCT3903,-63.6462715,19.317493,Singapore,50.174.160.0/22,FALSE,2,Web,KRW,01-03-2025 19:59
6ba2c79c-f8e0-4107-947c-67790a52d9ff,07-04-2025 09:44,136.06,MCT1782,27.7937295,-12.541473,Australia,212.240.144.0/20,FALSE,0,API,EUR,06-04-2025 08:44
7e285fe0-484a-4678-b930-d0d812d2f655,30-08-2025 09:40,74.38,MCT5957,-70.5208755,-149.274422,South Korea,212.0.0.0/8,TRUE,1,MobileApp,THB,29-08-2025 19:40
704f2820-4e0d-44fc-b6df-7f6e500cf780,15-03-2025 12:06,475.76,MCT1399,-68.198494,-167.298072,Thailand,112.116.0.0/15,TRUE,0,MobileApp,KRW,14-03-2025 02:06
78104823-6a41-49fa-adf2-aede23529c8a,12-09-2025 23:56,260.02,MCT4632,-83.5854225,89.190405,USA,152.89.154.0/23,TRUE,1,MobileApp,GBP,11-09-2025 19:56
698f62e1-ea2e-4319-b2eb-21a04b2daff3,15-01-2025 19:59,167.55,MCT7437,73.498229,-136.625503,Singapore,87.100.0.0/15,TRUE,2,API,CNY,09-01-2025 03:59
bc323010-4ff9-445f-aad2-241cc474ac42,18-06-2025 04:08,45.08,MCT3982,32.074201,47.467401,China,178.230.224.0/19,FALSE,2,MobileApp,INR,12-06-2025 21:08
b4887f40-762c-4af1-a212-06e32d560aa2,25-02-2025 03:09,265.24,MCT7067,74.8960465,153.714778,Australia,97.173.14.104/29,FALSE,0,Web,SGD,22-02-2025 16:09
2b73ab4b-5a6f-442d-b888-1b52fe7948c6,08-11-2025 10:08,5877.1,MCT1648,20.257197,-89.012676,Japan,115.64.0.0/12,FALSE,6,API,GBP,08-11-2025 09:50
dda387bb-3287-4293-a2f4-c6c557ae4d3e,24-11-2025 18:17,364.93,MCT7969,-4.55549,-92.675367,China,162.86.84.0/22,FALSE,2,API,THB,20-11-2025 18:17
37af2b1e-9045-4912-a9c6-54e4e687e653,11-11-2025 17:22,62.17,MCT8539,-25.345115,124.129503,Australia,7.128.0.0/11,TRUE,0,MobileApp,MYR,05-11-2025 17:22
9f3775e6-5c9d-4d20-b1a3-fa2ef27861ba,03-11-2025 06:58,311.93,MCT7550,-56.0229245,-118.695412,France,69.252.0.0/15,TRUE,1,API,USD,29-10-2025 12:58
d340a273-11d3-452d-99e0-a92344fce6fa,31-05-2025 03:40,378.97,MCT4609,-48.6265445,15.686775,Thailand,180.0.0.0/6,FALSE,1,API,JPY,25-05-2025 00:40
75d31e04-bc0a-4859-85b5-95c2d83d6efc,21-01-2025 15:11,391.49,MCT3670,-33.256112,-132.108749,China,173.0.0.0/8,FALSE,1,MobileApp,INR,17-01-2025 05:11
3c83e614-0f7c-46fa-8e02-67009f516227,10-12-2025 11:42,326.93,MCT5706,-28.936567,39.475125,Thailand,202.187.139.0/24,TRUE,1,API,GBP,07-12-2025 00:42
f47c5998-ba01-4877-b2bd-eedcff9c40b5,17-11-2025 08:52,348.04,MCT6766,-7.9390515,-82.522707,Singapore,193.27.128.0/17,FALSE,1,Web,JPY,14-11-2025 05:52
0c2cce75-e703-46c5-a032-f7ac13388818,20-06-2025 06:39,63.98,MCT2111,3.7788795,-99.32894,Canada,2.5.225.64/26,TRUE,1,API,KRW,16-06-2025 06:39
d1b8410f-f5d0-46ea-84ab-40dc43513d06,24-09-2025 15:04,346.74,MCT9741,-49.4074115,146.470113,France,95.135.8.0/21,FALSE,0,Web,JPY,20-09-2025 07:04
9541596b-4a17-4252-8d82-91a94a0f0207,05-08-2025 10:04,252.11,MCT6515,79.643586,77.998773,USA,222.0.0.0/7,FALSE,0,API,INR,01-08-2025 05:04
163557ed-0de8-4f62-801f-6fce49c3705d,02-10-2025 19:39,107.96,MCT3993,-12.2505415,-77.113838,Germany,175.0.0.0/8,FALSE,1,Web,GBP,27-09-2025 11:39
10c87c98-4caa-4ed4-89a2-93550bb3c02a,02-09-2025 12:39,286.65,MCT2960,0.6598585,-165.116138,China,52.11.242.64/30,FALSE,2,Web,GBP,27-08-2025 13:39
6f3bd355-5bbb-4237-b060-b17d2a89125c,04-09-2025 23:33,128.59,MCT5811,-73.6207125,-72.498075,Singapore,32.0.0.0/3,FALSE,2,API,MYR,01-09-2025 04:33
f9ad1b76-bbc2-4a1d-9bac-89749767f505,10-12-2025 21:48,6817.31,MCT3346,-7.560967,27.535918,Russia,208.204.215.204/31,FALSE,4,MobileApp,USD,10-12-2025 21:31
d4d626ec-338e-423f-b076-429674b985c4,30-10-2025 15:40,496.77,MCT5937,81.089276,76.648826,Canada,142.0.0.0/8,FALSE,1,API,JPY,29-10-2025 19:40
3a15ed33-1049-4da2-bf17-aeb2f85f7323,18-04-2025 13:05,236.47,MCT8609,-34.922978,-88.908458,Australia,188.159.96.245/32,TRUE,2,Web,INR,15-04-2025 11:05
6a1e7c8e-7d01-499d-a1a1-270ff84d1a77,11-06-2025 00:56,218.07,MCT3748,-46.990282,-12.54177,Singapore,128.0.0.0/5,TRUE,2,Web,INR,07-06-2025 02:56
7a3d5ac0-0d9d-49b6-8772-be8fbffd701a,02-06-2025 14:08,330.46,MCT9736,-12.9841955,-155.462315,France,36.215.64.0/18,TRUE,2,MobileApp,GBP,30-05-2025 10:08
8f1abb2e-7382-48c9-828d-de2adb4cacd7,05-01-2025 03:48,155.07,MCT9487,-19.415483,146.793381,Singapore,223.192.0.0/16,TRUE,1,API,MYR,29-12-2024 22:48
967d6558-8719-4cbf-bd24-decaa0f1d6b5,07-11-2025 20:06,402.29,MCT7688,-28.0449315,-68.477577,Philippines,45.133.0.0/17,TRUE,2,MobileApp,USD,01-11-2025 20:06
95b9ac5e-85c8-4661-967e-3d27663f2a11,17-02-2025 20:22,324.2,MCT7888,28.730079,32.738527,USA,68.160.0.0/12,FALSE,1,MobileApp,CNY,15-02-2025 10:22
b961d52a-c41a-453b-b985-c32442f4402f,26-10-2025 04:15,6906.98,MCT4430,-79.7759055,0.754884,Nigeria,172.56.2.94,FALSE,10,MobileApp,JPY,26-10-2025 04:06
ecd0368c-cd5e-4347-a71a-ab5ebdebd885,01-11-2025 02:34,7041.73,MCT9555,60.712964,-92.95771,Germany,92.11.62.0/23,FALSE,5,MobileApp,CNY,01-11-2025 02:15
2359f564-aad3-4eb6-8df0-9eaa0feaaa89,24-07-2025 11:22,253.25,MCT1794,19.529846,32.361539,Australia,30.0.0.0/7,FALSE,1,Web,THB,23-07-2025 05:22
ac16ed98-d6ef-4837-aa66-d63fd507cb8e,02-09-2025 06:13,178.8,MCT6378,15.990058,-107.568313,South Korea,187.236.198.64/29,TRUE,0,Web,MYR,26-08-2025 08:13
caf49206-e091-4dde-99c7-0d52efa67a84,03-10-2025 11:50,50.29,MCT7034,-68.9811925,80.805796,India,41.154.56.64/27,TRUE,2,API,CNY,01-10-2025 22:50
a522f62e-3c96-404d-8e4c-6f31df16de6c,09-11-2025 05:56,93.94,MCT7978,-45.0119845,-54.408764,USA,216.0.0.0/6,FALSE,2,MobileApp,INR,07-11-2025 20:56
b849932d-615a-474a-ab6e-c9d3664f2ae1,04-01-2025 06:42,288.92,MCT4275,29.241659,129.781591,Australia,41.128.0.0/11,TRUE,0,API,JPY,04-01-2025 01:42
a73c3656-40cc-44ca-ba24-0d94cd0b2463,08-10-2025 01:35,340.61,MCT9730,-38.6977145,99.23097,France,74.64.0.0/11,FALSE,2,Web,KRW,01-10-2025 16:35
6f430862-3ab1-43a4-a463-5a350f89dc67,23-10-2025 22:07,477.93,MCT5976,64.621057,30.929412,Singapore,60.0.0.0/6,FALSE,0,MobileApp,MYR,22-10-2025 14:07
547154ea-7144-4e08-bf22-1d552e24b5a4,11-07-2025 04:22,465.81,MCT4376,86.300765,-143.392705,Australia,90.99.119.128/26,FALSE,0,API,JPY,08-07-2025 03:22
5e3ac268-e567-46a8-99b5-b5c8cfd15466,20-04-2025 03:34,329.85,MCT4952,-40.0421885,-125.048701,Philippines,159.0.0.0/10,TRUE,0,Web,EUR,14-04-2025 09:34
5281a94d-65d1-42e9-a622-a8e7f6e15317,09-06-2025 08:52,85.53,MCT6999,-81.216525,-61.958846,UK,208.72.0.0/13,TRUE,0,MobileApp,INR,03-06-2025 14:52
bb852f65-84bf-4541-8526-c1e53087f4ee,17-11-2025 00:05,52.6,MCT2562,-71.5389305,-44.488927,Philippines,33.18.0.0/16,FALSE,0,MobileApp,SGD,10-11-2025 01:05
dc655ae6-601f-417e-96b6-dcff120adc01,08-08-2025 16:18,288.73,MCT5900,66.0281235,-43.716372,China,202.84.212.0/22,FALSE,2,MobileApp,USD,05-08-2025 18:18
45554109-13f0-4d1f-87eb-faf9cc43017f,23-11-2025 20:17,414.16,MCT7837,3.2141135,24.691732,China,166.246.36.30/31,FALSE,2,MobileApp,MYR,18-11-2025 11:17
a51b9081-5ba5-4814-912d-ec33921f0196,09-05-2025 16:15,172.99,MCT1346,-59.7937475,44.34338,Philippines,58.113.128.0/17,TRUE,1,MobileApp,USD,08-05-2025 21:15
ff970ade-6bae-4b21-b8f9-01e05a76d3e7,26-09-2025 04:35,390.06,MCT6121,-1.8098585,-99.500636,Singapore,15.201.71.238/31,FALSE,2,Web,GBP,24-09-2025 12:35
9bd05c64-7d7a-4b9a-bb3a-d5355a5d54ba,12-01-2025 10:12,493.19,MCT5466,44.488512,109.405732,Canada,10.0.0.0/7,FALSE,2,Web,GBP,06-01-2025 07:12
6a66da4d-9d34-4d65-aa15-e6322c257771,06-10-2025 12:23,331.6,MCT8119,10.1532295,69.404854,Australia,61.224.0.0/14,FALSE,1,API,KRW,01-10-2025 16:23
c7970844-7d14-4a3d-98dc-0e36184d767d,08-06-2025 15:45,219.12,MCT1851,0.13213,-100.414216,China,163.128.0.0/9,TRUE,1,Web,USD,07-06-2025 03:45
9eca62e8-b991-43d5-ae32-7ae0e67d1e73,07-03-2025 23:35,437.39,MCT2461,23.6763935,-47.025804,USA,199.207.138.32/28,TRUE,1,Web,KRW,03-03-2025 18:35
1a6420c7-d34e-4565-8a94-3c922efcac80,15-12-2024 18:02,122.65,MCT6832,-65.6572735,122.037542,Germany,60.56.0.0/14,FALSE,1,API,EUR,10-12-2024 17:02
c1f62aee-f835-4910-84e9-a22ad3d95d97,30-04-2025 15:33,390.89,MCT2629,44.374793,-177.862529,Germany,115.118.0.0/17,TRUE,0,MobileApp,SGD,29-04-2025 20:33
0ca15805-aa34-4eb3-83c6-79c21f3c2e5e,11-03-2025 01:25,384.46,MCT8019,-42.318763,175.214126,France,64.132.186.224/28,TRUE,1,Web,EUR,09-03-2025 15:25
0e22138f-8d21-46d5-ae9e-46aabf8d081a,02-08-2025 12:37,188.98,MCT3480,-62.064629,-57.845805,Japan,90.144.0.0/12,FALSE,2,MobileApp,THB,26-07-2025 12:37
3bf5132d-2eda-4dcc-8db2-a858321016d4,15-03-2025 22:23,474.18,MCT3507,-42.931018,112.032081,Australia,119.119.12.63/32,FALSE,1,Web,SGD,12-03-2025 14:23
d8b7c994-4959-4cb8-8033-a251e035ee41,23-08-2025 14:51,383,MCT9251,85.595452,-29.088294,Germany,111.169.0.0/16,FALSE,0,API,SGD,19-08-2025 08:51
1b0c4ca2-8580-4ec4-baf0-3e9b5730f3ad,09-02-2025 04:26,100.61,MCT6672,16.078213,-91.073905,South Korea,192.56.0.0/14,FALSE,2,API,THB,08-02-2025 07:26
ee225338-ad69-4af4-bdf7-4a80abfcc1aa,08-05-2025 20:29,159.98,MCT8725,-49.0926865,-94.775298,Australia,114.73.0.0/17,FALSE,0,Web,CNY,03-05-2025 16:29
9ba23e72-c6dd-4fc4-833b-bd8117ae7e76,05-12-2025 20:06,253.21,MCT5222,74.33797,148.667837,USA,89.96.0.0/13,FALSE,1,Web,KRW,29-11-2025 10:06
44dd7c3e-0cd0-42f8-9e94-f20c1db9bf46,31-01-2025 09:55,342.44,MCT7690,-12.350403,135.81923,Australia,79.219.14.0/23,FALSE,0,MobileApp,THB,28-01-2025 22:55
984fa554-0e79-4801-9e62-6bbd490b8170,10-11-2025 12:29,392.79,MCT2348,85.698489,17.767885,Singapore,220.132.48.48/28,FALSE,0,MobileApp,GBP,04-11-2025 09:29
8dab117f-ffa1-4a67-83b7-bd3eff4b31ac,05-05-2025 23:02,459.51,MCT6459,13.329883,33.529609,Germany,213.0.0.0/8,TRUE,1,Web,EUR,02-05-2025 15:02
97e4c239-0161-4ea7-97b7-1fcdaffc2cd1,08-10-2025 02:27,327.36,MCT2941,9.614346,-6.151526,Australia,56.0.0.0/5,FALSE,2,Web,INR,02-10-2025 11:27
16a3f6a9-26c8-49f7-829b-ceed029eaa9a,19-03-2025 23:03,203.93,MCT3514,29.3154,63.436682,India,19.212.185.208/31,TRUE,0,API,KRW,19-03-2025 17:03
95fbd141-4e1c-41dd-9514-2b36ba3ebe1f,15-02-2025 16:29,320.88,MCT4114,-53.810908,-158.531019,Japan,126.201.6.0/25,FALSE,0,Web,CNY,10-02-2025 03:29
fb19b6c1-85bb-42cd-a030-d0dace5f852b,29-10-2025 05:48,407.77,MCT3244,-66.5865775,-53.025848,Japan,16.192.0.0/11,TRUE,0,MobileApp,USD,25-10-2025 12:48
aae1a2f0-6310-4a3f-8747-c5e288f0e2bf,31-08-2025 03:48,491.29,MCT2246,-35.800207,-25.203149,Canada,32.0.0.0/3,TRUE,2,MobileApp,MYR,26-08-2025 10:48
7fbb425b-de19-4f70-beda-2ae257b73c6e,21-12-2024 15:44,193.15,MCT1275,49.3207235,-81.558988,Australia,26.15.135.160/32,FALSE,1,Web,THB,20-12-2024 18:44
10a9a9f8-f508-4119-97c9-6150f0cf439d,24-11-2025 01:20,28.81,MCT4410,74.3847615,126.32258,France,196.240.151.112/28,TRUE,1,API,KRW,19-11-2025 17:20
1a993242-fcf9-42a8-923d-a90a0dbcb050,16-11-2025 20:22,460.48,MCT5729,64.1680285,-131.663397,Thailand,53.169.42.0/24,FALSE,2,API,JPY,16-11-2025 07:22
3c31f5e6-c77f-472b-a386-9a351e092adf,18-04-2025 14:37,467.94,MCT8033,11.9046685,132.500013,India,73.163.253.80/28,FALSE,2,MobileApp,KRW,14-04-2025 04:37
4def2931-eeb2-4b34-baaa-373c6ff725bc,02-10-2025 02:35,316.83,MCT2762,48.007319,92.282097,Germany,184.177.53.160/27,TRUE,1,API,USD,30-09-2025 02:35
571733a1-afb3-470d-8e87-34cd780ae799,05-12-2025 22:10,43.89,MCT9145,-72.451303,13.196213,France,160.37.89.0/24,FALSE,2,MobileApp,CNY,29-11-2025 23:10
fc31cd67-753e-43d3-85ad-fed89216857b,22-05-2025 11:15,241.22,MCT7643,35.3632315,-32.344126,USA,161.63.83.128/25,FALSE,0,Web,USD,21-05-2025 15:15
f03edaee-baa4-4ef9-a112-f0e4979e6bc9,30-11-2025 18:14,221.04,MCT7381,57.994554,-158.781301,India,121.32.0.0/11,TRUE,1,API,INR,24-11-2025 09:14
