transaction_id,timestamp,amount,merchant_id,location_latitude,location_longitude,country,ip_address,,failed_login_attempts,transaction_channel,currency,previous_transaction_time
c98f710c-d6c0-4c20-9476-3ca2a1180cd0,06-04-2025 16:10,9394.39,MCT3883,84.6661445,-2.761098,USA,120.110.0.0/22,,4,Web,KRW,04-04-2025 00:35
e1b18ab3-987d-4964-936b-b9aed74fc698,13-11-2025 15:27,1057.11,MCT4474,-47.7210065,-114.62508,Japan,32.0.0.0/3,,4,MobileApp,GBP,08-11-2025 00:04
718505a4-f481-44bf-b28c-5234d77926e5,30-07-2025 20:45,9378.72,MCT8890,-6.072315,108.381587,France,187.48.220.0/23,,4,API,MYR,29-07-2025 05:44
b41e6d48-0156-47dc-9f79-3131b8ecd916,18-08-2025 05:34,3671.32,MCT3848,-88.526179,17.65867,Japan,23.0.0.0/9,,6,API,INR,13-08-2025 06:53
b8e9e49c-ba2b-4afe-9d53-cf4ed382420f,25-09-2025 07:55,4150.56,MCT9382,-47.6902925,-78.593629,Australia,112.0.0.0/5,,1,MobileApp,MYR,20-09-2025 10:13
f8b0cc56-b3c2-48e1-bb10-1381ae754ab0,30-11-2025 03:14,6508.98,MCT9572,-34.7550825,-25.92596,Australia,166.154.113.64/26,,2,API,GBP,26-11-2025 00:03
9384669a-72a5-4fca-bc3e-33e305eb24ac,27-11-2025 21:21,5196.47,MCT2135,-52.1156325,-68.534233,UK,42.160.0.0/11,,6,MobileApp,KRW,25-11-2025 18:02
e05e498a-1ee3-4f79-8ddd-054fca360fb5,07-05-2025 05:55,778.19,MCT3947,28.18096,124.624928,Russia,93.0.0.0/8,,5,Web,KRW,01-05-2025 08:29
11475f4f-4323-48f4-877f-d4a87e21a501,23-01-2025 08:13,665.79,MCT8788,-67.660418,66.886303,Russia,57.169.128.0/17,,7,API,JPY,21-01-2025 04:49
d12cab48-8f4a-4375-a0b9-336fcf640574,18-09-2025 19:37,1373.14,MCT9750,27.3398195,11.747062,Australia,64.206.99.0/24,,1,API,SGD,17-09-2025 13:22
93434063-98dc-4b3e-be86-169790dce8cb,18-07-2025 01:59,8378.33,MCT7113,48.841629,3.460447,Malaysia,161.0.0.0/8,,5,MobileApp,INR,14-07-2025 03:22
245b7825-78eb-45a3-a554-a6d382c31a25,14-12-2024 17:24,4989.88,MCT9166,20.0338675,122.599175,Vietnam,100.146.164.240/29,,4,Web,KRW,12-12-2024 14:05
ea300945-fb9c-48b4-931f-d3cbef3d866e,06-01-2025 23:53,7752.52,MCT1904,-37.3973715,-178.133683,Australia,76.109.16.0/20,,5,Web,KRW,06-01-2025 22:42
dbf98c59-640c-4b52-9e86-3a913f13f4e9,22-08-2025 22:21,6988.89,MCT4003,31.1904695,-164.014048,Thailand,96.64.0.0/13,,2,MobileApp,GBP,22-08-2025 09:17
9175def1-7ec0-485c-b917-7780fac8ca28,01-07-2025 16:29,660.34,MCT3770,-18.724045,-128.25427,Malaysia,32.0.0.0/3,,7,API,KRW,26-06-2025 00:35
fb0ba8ca-dfe6-4444-818d-243359c6ec2a,06-02-2025 08:05,3109.55,MCT5512,-50.662121,-104.879576,USA,18.0.0.0/7,,9,Web,EUR,04-02-2025 22:09
7f6aec9c-3d2c-4513-ac4d-8221ce520a43,27-10-2025 11:31,1247.33,MCT6869,-64.9411905,91.240901,Malaysia,223.23.172.0/28,,0,Web,MYR,23-10-2025 13:06
f7bb8509-7621-42c4-9ce1-1fbcdaf23041,18-11-2025 16:02,9475.89,MCT9944,-58.574458,165.984389,Australia,47.251.225.156/30,,0,MobileApp,MYR,14-11-2025 22:38
915e1ab4-376c-4627-9e4f-f0d77712e97e,16-04-2025 17:20,1776.76,MCT3157,20.5365825,68.280405,Singapore,89.32.0.0/11,,0,API,KRW,15-04-2025 23:29
d9e11eb1-0aa3-4297-ad6b-8d2e6ab3d4c5,03-09-2025 22:12,3047.14,MCT8404,10.62798,64.846502,Malaysia,58.4.22.192/26,,2,MobileApp,THB,03-09-2025 06:02
6311ccce-343b-47db-8114-c83f0355d6b5,27-07-2025 06:59,6936.7,MCT9091,-38.02334,26.912019,Nigeria,8.32.43.0/24,,3,MobileApp,CNY,20-07-2025 16:13
0d68ccda-5138-4c0e-a11e-57d3d027232c,01-07-2025 09:08,6120.34,MCT1550,10.022117,-84.479303,China,46.128.0.0/10,,5,Web,MYR,29-06-2025 17:36
35930a1b-9396-4cc3-9a89-9999fb85ca61,17-05-2025 00:02,5916.25,MCT1921,9.9178745,137.710925,Malaysia,123.188.0.0/14,,4,MobileApp,INR,10-05-2025 20:57
346debeb-7697-414d-af64-f26d1b93f7eb,25-07-2025 14:42,9039.13,MCT3982,68.7328125,-119.308764,China,54.208.185.128/28,,5,Web,MYR,20-07-2025 12:33
c27d5f62-8214-4616-a659-737758aad95c,24-11-2025 22:51,9717.54,MCT3519,-49.0440605,-5.369288,USA,144.109.8.0/21,,9,MobileApp,INR,20-11-2025 07:35
0cb8feef-7167-4b50-a33b-43a1eaa5d52e,17-06-2025 00:33,8154.32,MCT2628,-0.733691,-20.085638,China,186.0.0.0/7,,2,Web,THB,13-06-2025 20:41
bb0c0395-7f4f-4e5a-97cf-2cb008fda8a3,25-07-2025 00:59,2060.49,MCT2311,-13.848865,68.413162,South Korea,4.24.0.0/14,,4,Web,CNY,23-07-2025 22:57
607c42b5-96f2-4069-9dee-2754fc224d5f,01-03-2025 20:36,8743.87,MCT9226,-50.0835105,155.446273,Thailand,52.15.64.0/19,,2,Web,SGD,28-02-2025 09:18
a3e9d341-20e2-4ddf-a632-fc7e6d4244b0,28-11-2025 06:46,1786.81,MCT3787,-42.762531,-131.286462,France,168.143.239.0/25,,5,MobileApp,THB,22-11-2025 10:09
59cf1df6-e0dd-4470-a9b4-209586ef7a67,06-08-2025 12:48,3550.85,MCT8207,-38.4422335,65.222468,Australia,129.39.193.64/26,,9,Web,GBP,01-08-2025 11:03
e837a110-505f-4df3-920d-8a92cab7141f,12-11-2025 14:31,6090.78,MCT8423,-28.623482,73.495136,Japan,87.134.191.0/24,,7,API,SGD,10-11-2025 19:22
d93dc806-c4d9-4ca9-8f99-4618d9f42240,21-05-2025 08:02,6475.53,MCT7662,-27.0069775,147.041353,France,184.87.192.0/18,,2,Web,SGD,15-05-2025 07:47
3dedd722-ba9e-4643-97da-a99146845166,03-02-2025 23:50,2279.63,MCT8187,-11.9200485,3.41769,China,155.165.128.0/18,,1,Web,CNY,31-01-2025 08:53
c38bf843-a3ff-4d4a-9995-e62865df6371,15-07-2025 04:19,9544.15,MCT1901,44.519934,78.763237,Brazil,119.223.67.112/28,,7,API,INR,11-07-2025 19:36
156be41d-582e-4637-85d9-d773f5c33708,05-09-2025 03:15,6149.56,MCT8282,-51.57811,-104.820248,Vietnam,199.0.0.0/11,,9,Web,KRW,04-09-2025 14:18
222ac49b-954d-475e-9d55-b7f9b6d5d5a0,15-07-2025 10:53,8381.41,MCT1305,-58.071777,-125.921512,South Korea,3.169.51.64/28,,3,Web,CNY,13-07-2025 16:34
5a5f9db1-b6a9-46fc-9b37-ce2b425dd3dc,29-08-2025 21:12,3964.25,MCT4833,-47.5602285,83.992127,Japan,88.0.0.0/5,,10,MobileApp,CNY,28-08-2025 04:15
8ca30e05-bf82-4ddd-a6dc-08072b0cd96b,22-08-2025 17:43,6310.51,MCT6727,35.236047,-103.987893,Philippines,203.120.0.0/14,,5,Web,JPY,20-08-2025 09:40
cc7e80c3-7852-44c6-801e-377c32cc961f,12-09-2025 10:02,4692.83,MCT2569,24.936752,-85.594048,Brazil,35.0.0.0/8,,1,Web,EUR,12-09-2025 08:27
f6b2faa5-938c-4187-b1e6-50a1d4c39d20,31-10-2025 21:23,9269.68,MCT5323,-64.524619,-97.05794,Australia,190.0.0.0/7,,5,API,KRW,27-10-2025 13:49
a0ce3145-4b2d-43b2-a56c-ebf06331972d,21-06-2025 04:13,5476.9,MCT9890,-63.579031,-9.950316,Nigeria,20.0.0.0/7,,6,Web,CNY,18-06-2025 22:45
e50895f6-60aa-44da-a878-4fc111908b87,01-01-2025 02:02,4245.2,MCT4631,-54.1606445,-49.082061,USA,187.248.160.44/31,,10,MobileApp,EUR,29-12-2024 10:33
b529fdb2-5069-4051-98fb-f765917e2419,11-03-2025 11:07,4803.5,MCT8863,48.8226945,-20.766061,Canada,208.104.0.0/13,,5,MobileApp,CNY,07-03-2025 12:51
3250929b-af54-4c7e-9bcb-14f801438bcd,29-09-2025 13:05,3333.21,MCT1378,-5.0983995,11.752423,Australia,45.228.84.0/23,,3,Web,CNY,23-09-2025 14:48
0015958f-c41a-43b3-a99c-a0b179070d85,30-01-2025 00:30,9486.8,MCT2348,4.9564915,-18.413615,USA,155.180.0.0/14,,4,Web,CNY,26-01-2025 16:19
592a04b7-8826-452e-9cb9-dfbec89eb0ed,20-10-2025 10:57,5299.87,MCT9454,-38.9062135,54.376224,Brazil,76.209.115.168/30,,0,API,CNY,18-10-2025 09:54
b0dca980-90ac-4413-91a3-1b8d6aa18636,08-09-2025 12:44,2820.79,MCT2662,-84.5762115,145.440175,Russia,61.204.57.240/28,,2,MobileApp,GBP,07-09-2025 16:09
ea737c8f-7b80-4eb9-a31b-943088eac461,09-06-2025 06:10,14.29,MCT5611,65.7681095,-147.011969,France,50.144.222.0/24,,6,MobileApp,JPY,02-06-2025 14:02
229605a7-3ea9-4432-917b-bc9ae0b356fe,14-05-2025 05:01,1007.37,MCT9782,-50.147283,138.875536,Malaysia,57.133.0.0/16,,8,API,THB,10-05-2025 12:38
170ddb24-62b8-4c9b-82f3-20f6d3ece832,15-02-2025 11:17,1142.19,MCT8694,-72.3575525,162.564361,Indonesia,160.165.184.128/26,,9,MobileApp,INR,12-02-2025 20:04
ef5ec467-8a00-40cd-9181-f13f5804ff30,07-11-2025 09:32,7672.3,MCT1029,56.09514,88.623011,Australia,219.196.0.0/20,,10,API,EUR,02-11-2025 17:25
b5d3587e-ee3a-4798-a180-079ab6bc977f,29-07-2025 04:27,5601.48,MCT4947,-13.8619905,116.803979,Philippines,219.117.200.0/21,,10,MobileApp,CNY,22-07-2025 19:43
280bad17-b5c5-487f-a2a5-e4c07b84f327,10-04-2025 08:08,9771.29,MCT9079,28.87628,14.025411,France,194.232.0.0/14,,5,MobileApp,USD,03-04-2025 19:07
33645261-1649-485a-85f0-d0ae68f2c522,03-04-2025 04:33,9068.67,MCT1281,-37.2274755,15.535056,Philippines,92.116.252.208/28,,4,MobileApp,USD,01-04-2025 09:50
71ed694f-8762-4037-aee0-a4b784d65e4d,09-07-2025 11:41,3163.05,MCT6763,-18.289552,-116.62484,Philippines,159.165.128.0/21,,10,MobileApp,MYR,07-07-2025 06:24
c1eb948b-7a57-4313-b086-da03152e3796,30-09-2025 17:22,3336.15,MCT3365,-71.530683,-178.684126,Vietnam,199.110.128.0/18,,10,Web,SGD,28-09-2025 19:46
47e27517-f06f-4585-8d31-f5a1eefc5546,02-01-2025 04:25,2672.85,MCT7022,-17.8786945,-142.356712,Nigeria,82.64.0.0/10,,1,API,EUR,30-12-2024 05:59
98dcc239-5766-46fe-a827-64e3a577ac16,02-02-2025 12:05,263.47,MCT7891,-8.62338,25.14815,France,175.132.31.194/31,,9,MobileApp,CNY,01-02-2025 05:54
cca6746d-b7c1-48a1-99cb-0b01ce2ed4fe,27-09-2025 23:32,8996.19,MCT2163,1.790441,-86.141854,Vietnam,12.179.96.4/30,,1,MobileApp,USD,24-09-2025 07:38
44b3559d-5d13-4599-8e06-78a4e9c3789f,09-03-2025 22:41,4382.34,MCT5661,75.3176615,105.820366,Singapore,207.16.192.0/19,,8,API,THB,05-03-2025 17:50
663dd2c8-20d4-46ef-bed4-2c960b33a504,17-10-2025 09:00,1167.03,MCT6041,12.9034935,145.387217,India,16.3.198.192/29,,0,API,MYR,11-10-2025 18:44
4ab09cf5-a412-4e54-a1d9-875da7d7c2d8,03-05-2025 13:17,8709.65,MCT3666,85.334999,114.911668,Vietnam,73.14.206.0/23,,4,Web,KRW,28-04-2025 20:39
cbf1cb2e-e1ae-49f5-87d3-f12badb7f0a7,02-09-2025 03:14,1703.09,MCT2840,-33.6710315,-28.359098,Thailand,14.102.0.0/18,,10,Web,INR,30-08-2025 02:10
0b37e4bc-cc5d-4a9a-a045-02862d2ae3ce,22-08-2025 22:14,9146.5,MCT1679,89.640399,15.52562,Malaysia,71.128.0.0/10,,3,API,MYR,18-08-2025 23:47
49f00834-4f7c-4adc-ad18-7e10c1785c98,02-02-2025 06:17,4131.68,MCT6578,88.6584295,116.640142,India,180.62.100.0/23,,8,API,JPY,30-01-2025 19:51
2f9fede0-bfe8-432c-9f91-19eb263c0e55,30-08-2025 02:18,2004.36,MCT4389,52.311211,-137.533367,Indonesia,56.0.0.0/9,,9,API,CNY,29-08-2025 17:20
17f68c6b-b10c-4e59-aff6-17af11e5eae9,24-01-2025 21:33,8676.03,MCT9755,-73.351686,157.916035,China,102.209.198.0/25,,10,API,CNY,23-01-2025 19:05
5243e8b1-23ff-4790-a068-b54a35ef2c17,09-01-2025 14:53,6854.09,MCT7412,25.9862355,-99.113242,France,216.12.0.0/16,,9,MobileApp,KRW,06-01-2025 16:39
aaf3ac6a-7fb8-4973-be40-89890528c5e6,09-01-2025 14:05,7837.9,MCT4192,-6.335052,5.768903,Japan,191.158.81.176/29,,10,MobileApp,GBP,05-01-2025 02:46
b8d82cb1-438a-4295-9156-6a65f0945947,05-11-2025 06:49,4849.16,MCT7040,-77.256788,-154.999459,Germany,23.0.0.0/10,,2,Web,CNY,03-11-2025 19:38
d671fe86-7f7f-434e-afd1-e72b67105984,23-02-2025 01:44,5984.18,MCT4584,-70.1282355,-98.098531,Canada,32.0.0.0/4,,10,API,JPY,18-02-2025 05:45
ee5f550a-8c96-43b7-813d-efc5dea59277,02-11-2025 08:41,8032.35,MCT3095,-46.830213,97.840358,Malaysia,210.128.0.0/9,,1,API,SGD,31-10-2025 19:02
d9d03c21-72b8-4d39-b42b-a36ff3e3c406,11-06-2025 08:32,5622.44,MCT7974,69.623057,20.168596,Thailand,184.71.92.0/22,,7,API,EUR,08-06-2025 09:55
aa165edd-1751-4920-80fb-a2c0eeb479fb,30-09-2025 09:27,8012.27,MCT4934,25.602523,-56.662357,Russia,67.238.85.128/25,,10,API,GBP,27-09-2025 01:12
3284f42d-5e1f-4194-a013-1ed74830a11c,15-03-2025 05:24,2172.18,MCT2256,-21.576406,-130.397344,Singapore,177.0.0.0/9,,2,Web,THB,12-03-2025 21:08
6fd781e5-e17e-40e3-aa1f-5976f68764b5,13-10-2025 08:20,8049.68,MCT7479,73.6808645,64.068398,China,196.68.57.144/29,,4,API,EUR,10-10-2025 14:24
dbbd327c-0481-4f7c-b750-4071474103b5,23-04-2025 23:35,4690.25,MCT4750,89.67611,127.400592,Indonesia,125.80.0.0/17,,2,API,JPY,17-04-2025 05:14
45d657e0-f53e-4e7d-bed9-c3faa5d0bfd2,07-07-2025 22:48,1450.11,MCT5279,13.061781,-172.088325,Russia,93.7.248.0/21,,8,Web,KRW,07-07-2025 13:09
58ea1ad6-c43b-4573-af20-df5d72f4e5ad,03-02-2025 08:46,9480.93,MCT6182,-22.551338,177.707328,Japan,53.153.24.0/21,,9,API,CNY,01-02-2025 14:59
29ce3051-0d58-46c7-8de4-e9f7802ec049,22-08-2025 10:23,917.62,MCT3075,79.250902,-90.670689,Japan,172.77.81.100/31,,6,API,KRW,20-08-2025 08:43
f45bab1a-abbc-4121-bc05-28c5326a95ac,08-02-2025 08:19,8307.04,MCT3889,81.3324785,-148.160651,Singapore,3.60.235.144/28,,7,Web,GBP,05-02-2025 07:06
11fbb966-c9c5-415e-a4a1-0e3b78f4fd62,23-12-2024 19:34,3589.45,MCT3752,74.465603,-175.456412,Canada,211.23.132.240/29,,6,Web,INR,19-12-2024 14:30
758698ba-9929-476d-846c-95c9e9c402c0,09-12-2025 01:43,1930.42,MCT4713,64.644672,50.257628,Thailand,217.175.192.0/19,,9,MobileApp,KRW,08-12-2025 21:49
12e10a9e-1109-4d40-9951-819594ce67c1,04-11-2025 18:52,3962.81,MCT9784,78.662517,38.793176,Germany,92.2.15.128/25,,8,API,KRW,31-10-2025 10:36
c68004f6-296c-4b2e-b9b0-16883c2a63e7,12-08-2025 02:38,5199.71,MCT2102,81.62569,44.617226,Singapore,34.119.86.0/24,,7,API,KRW,05-08-2025 17:30
1110603b-5cb4-47bc-866b-e780210febf9,26-09-2025 19:41,5928.3,MCT1331,35.3152305,-16.302327,Indonesia,216.0.0.0/6,,3,MobileApp,CNY,25-09-2025 10:40
bec608ba-2bd5-484c-a3fd-6ddc49fdcb8a,04-11-2025 17:09,7410.99,MCT6558,-62.118843,152.639999,India,186.217.240.0/21,,10,MobileApp,USD,31-10-2025 06:53
a7abd9b7-06e4-4fb7-9f73-f875d905417b,13-04-2025 06:09,2523.21,MCT4385,-41.070497,-103.327174,UK,215.123.70.0/24,,2,MobileApp,MYR,12-04-2025 11:24
dafbeb53-5b99-4a40-b2dc-24964b0feb01,24-02-2025 18:18,2625.94,MCT8438,-45.859619,83.700854,Vietnam,17.95.48.128/25,,9,Web,EUR,24-02-2025 05:17
58be3113-297e-425b-8171-fb921140e2b1,29-03-2025 16:34,1978.97,MCT4519,33.467802,-176.30307,Vietnam,54.136.0.0/13,,1,API,MYR,23-03-2025 07:14
06116ef0-fe14-4013-984a-3322d237eaca,16-10-2025 04:29,43.5,MCT8266,52.4979895,-16.577889,Canada,49.0.0.0/10,,8,MobileApp,SGD,15-10-2025 07:29
460b4cb5-edd5-4703-b3de-8078702f8651,23-08-2025 11:11,8653.07,MCT3621,-83.382682,-144.342401,Indonesia,128.0.0.0/3,,2,Web,INR,22-08-2025 13:54
fd6b284f-2afc-4d17-b2b8-b382dbecf6e6,11-01-2025 19:11,1809.88,MCT3071,2.3945585,-99.070354,Malaysia,5.160.0.0/11,,9,MobileApp,INR,10-01-2025 02:59
e8770471-a81e-46a1-a7d2-6eb9537a0c25,28-11-2025 03:41,1429.11,MCT9576,1.694662,-51.88616,Vietnam,29.189.64.0/23,,8,API,MYR,22-11-2025 11:20
eba62be2-5c80-42b8-b535-be0a46337d03,12-05-2025 09:56,3726.93,MCT7059,21.2974585,59.420094,Malaysia,151.18.139.192/26,,10,Web,INR,10-05-2025 00:19
65c289f5-fcf3-40a4-ab88-fb6fe3617f6d,05-09-2025 17:18,6782.03,MCT5020,8.6925215,6.979221,Vietnam,136.0.0.0/5,,6,MobileApp,GBP,31-08-2025 06:14
dd6cb6df-ef5b-4f11-b384-9b750efbad62,30-12-2024 16:47,3379.98,MCT7108,54.00144,12.919918,Russia,112.0.0.0/6,,7,Web,SGD,29-12-2024 17:06
7c20af39-817e-4822-bd00-9bea5dfa273d,10-11-2025 09:31,9689.34,MCT5019,69.974845,-127.240601,Russia,76.38.0.0/15,,0,Web,JPY,07-11-2025 07:55
ad986cc7-12ce-44f6-8c67-444dd8a10bbb,19-07-2025 10:47,1717.35,MCT5330,13.0708345,-171.975331,Philippines,117.171.64.0/18,,9,MobileApp,JPY,14-07-2025 06:38
6b845be6-e899-4eb0-98bc-67ee48868c7d,26-12-2024 17:14,1288.7,MCT5656,-22.578361,-67.230785,Brazil,160.90.7.192/26,,9,API,SGD,21-12-2024 09:55
f2959c00-220c-42c4-a734-e3e90320b272,21-10-2025 01:52,424.17,MCT3125,-29.970655,-22.211242,UK,23.149.208.0/22,,1,MobileApp,USD,14-10-2025 23:31
5ba5336a-ca0b-4ff8-94d9-ad870544a27a,08-06-2025 04:16,6045.84,MCT5735,-4.2086195,-38.574307,Australia,73.0.0.0/10,,9,MobileApp,THB,04-06-2025 21:20
903ec9fd-8d6f-4149-8e32-e45e882198f0,02-03-2025 13:45,1195.37,MCT1348,-38.6428805,75.247636,India,204.44.64.0/19,,1,MobileApp,INR,23-02-2025 16:18
b2a85a07-e6aa-4616-8c95-4cb36a8217d0,10-10-2025 09:07,3464.76,MCT8571,66.310245,-72.565224,Russia,13.0.0.0/8,,8,API,JPY,10-10-2025 04:23
8890517c-10a1-48fe-bf1b-4194fcaafcd5,27-07-2025 07:05,3883.28,MCT8634,42.183076,87.704158,Japan,7.105.0.0/16,,9,MobileApp,THB,23-07-2025 06:01
a01c93a8-9a84-43ad-ac06-b76df53e405e,13-10-2025 16:46,2618.55,MCT2480,84.4875215,-26.567103,Indonesia,28.0.0.0/9,,9,Web,CNY,08-10-2025 22:05
a627aca9-7253-4874-9fc9-a553b38f73ef,27-02-2025 11:42,9155.85,MCT2749,89.196683,94.061614,Germany,152.0.0.0/5,,9,API,THB,23-02-2025 19:41
d33b7e26-3e39-46b8-b8cf-6738f4bcb5a8,26-10-2025 23:23,1073.58,MCT5323,-70.1349115,82.329314,France,132.164.64.0/19,,9,MobileApp,KRW,24-10-2025 23:07
5f709ec6-dcf1-46b2-bb7e-97c161b782f8,17-12-2024 19:19,5258.15,MCT7672,-23.0959755,115.999098,Brazil,44.0.0.0/6,,10,MobileApp,JPY,13-12-2024 12:06
0e944425-4c9d-48bd-9360-9e1d3702e4a9,17-05-2025 00:56,3824.32,MCT3932,-64.321444,113.12446,South Korea,32.0.0.0/4,,9,MobileApp,CNY,16-05-2025 10:13
ffbc6165-f1f5-45c0-84f5-4d87ddfa0442,15-12-2024 11:58,9746.52,MCT8495,34.289918,-24.864392,UK,20.242.108.0/23,,0,API,MYR,12-12-2024 02:45
1f7babca-a9d3-4466-a2e6-0384052671f8,15-08-2025 05:01,1433.21,MCT5302,-69.8161415,-83.900906,Malaysia,180.0.0.0/7,,1,Web,SGD,14-08-2025 22:48
e7d05155-13ce-4c3d-a97f-256ee147e3c1,03-03-2025 08:48,3362.96,MCT6945,22.444527,-98.681469,Thailand,10.240.157.128/32,,3,API,SGD,02-03-2025 06:13
8685bb44-0d75-447c-970c-278f16ee087b,25-11-2025 04:42,3306.56,MCT8578,-32.652821,-30.698905,Malaysia,48.0.0.0/4,,5,Web,INR,24-11-2025 00:10
1c4ec77b-4b96-4162-b8cf-d195b1498a48,06-12-2025 22:00,9638.94,MCT9553,-63.2745935,-143.559256,China,197.212.72.0/22,,6,MobileApp,EUR,04-12-2025 08:23
0494c54c-7671-4ae2-993a-952a13191e71,16-12-2024 23:19,3276.83,MCT1161,-47.677956,-67.664626,Brazil,101.9.64.0/21,,8,MobileApp,JPY,14-12-2024 04:32
efdbbb4a-4e2e-4d6d-bed0-01a0b845e68c,19-10-2025 15:14,7894.87,MCT5449,-10.8169465,1.801583,Canada,133.204.138.188/31,,0,API,EUR,18-10-2025 20:34
9a3e52b4-f362-4c12-b933-ecde324e1b0d,25-12-2024 20:11,6660.08,MCT3529,-58.097645,-163.544307,South Korea,141.0.0.0/12,,1,API,GBP,22-12-2024 09:01
4f760ade-4d71-4b6f-9848-605ccafaf60e,04-09-2025 11:33,4940.73,MCT4823,51.7131495,115.021228,Canada,121.226.28.0/22,,6,MobileApp,KRW,01-09-2025 17:25
c7bda5fb-29f5-40f0-89b8-af2a8ee8f19d,16-09-2025 06:50,3282.22,MCT6763,27.2744135,110.056387,Japan,144.130.0.0/21,,6,Web,GBP,13-09-2025 21:17
75aa3bd2-8cb5-409e-9e62-8617fcf4c037,08-10-2025 23:30,4477.77,MCT5755,-41.1320385,-108.731536,Singapore,199.255.231.48/29,,10,API,CNY,06-10-2025 06:57
15bf2746-0e20-422c-b0d2-aec2d1857bb3,31-10-2025 03:55,7787.36,MCT2294,14.691659,132.19261,India,205.23.27.0/27,,5,Web,THB,30-10-2025 05:10
f450c7ac-9ed3-42a2-95f6-3e97053704e5,20-09-2025 11:12,947.91,MCT7837,-29.4632945,135.825448,Canada,12.16.0.0/12,,1,Web,KRW,19-09-2025 05:51
7aae76d9-a222-4e3e-bfa6-a09842f1d3a5,17-08-2025 06:57,5106.19,MCT2319,-42.040224,-105.100603,USA,42.56.232.0/21,,9,Web,KRW,15-08-2025 19:11
e9b8cb6d-7778-441f-b151-69fb21eabca3,11-12-2025 06:11,4066.87,MCT7902,-60.2352385,123.087347,India,116.0.0.0/8,,6,API,USD,08-12-2025 23:24
53a91f4b-833f-45af-a04e-f56460296d5a,04-02-2025 17:21,2891.37,MCT6023,-39.1144535,-3.333912,Indonesia,126.224.8.0/26,,4,API,USD,29-01-2025 05:18
48e29d35-2335-440e-9642-820b4ae0808d,21-08-2025 09:00,8279.68,MCT1909,-4.495331,-54.977615,Japan,91.127.224.0/20,,7,API,GBP,20-08-2025 02:21
26122098-fbea-475b-b6d3-19aab1d24150,13-09-2025 14:11,708.38,MCT4444,7.684377,153.939184,France,222.184.0.0/14,,9,API,MYR,13-09-2025 05:00
3c7726a4-8a3c-48a9-8e70-eb62cda08409,17-05-2025 01:17,553.7,MCT2529,71.032782,157.357095,UK,175.28.0.0/14,,7,Web,CNY,11-05-2025 12:14
d7659d40-e7ec-44ca-bf50-c02b21c0c7a9,02-11-2025 12:24,5381.26,MCT9040,-16.5571305,-2.903148,China,64.0.0.0/3,,9,Web,THB,28-10-2025 04:08
8682ad68-130f-4ff8-9e6e-7b3e2c2216d0,23-09-2025 00:17,4213.79,MCT7409,14.879174,31.365532,China,203.201.158.173/32,,4,MobileApp,INR,20-09-2025 14:15
5842bb82-045f-445f-8977-a78df14c9944,10-08-2025 10:13,5788.1,MCT9230,19.5168735,57.844612,France,184.32.0.0/12,,4,Web,GBP,06-08-2025 21:25
fd03765b-bd88-43a0-badd-34df8771ce21,21-08-2025 07:04,5047.2,MCT4532,45.5068465,30.909791,Malaysia,124.0.0.0/8,,10,API,GBP,14-08-2025 14:36
52118202-38f5-4770-adca-9afc61eb25cd,30-04-2025 19:02,1730.38,MCT7144,78.9098495,123.941877,Japan,104.0.0.0/5,,4,MobileApp,CNY,24-04-2025 20:11
65f8ce17-faa7-471b-bd14-d580ab27b720,17-07-2025 09:50,7861.55,MCT2418,49.451767,-129.882604,Indonesia,72.116.168.0/23,,9,API,CNY,15-07-2025 08:40
86e3bc4b-22af-46c2-88db-f001baf3294c,14-11-2025 14:59,9063.89,MCT6116,-20.6030945,82.168299,USA,22.218.128.0/18,,0,API,EUR,10-11-2025 02:35
3e1302bf-e73f-4358-b103-177e82cb118b,03-06-2025 11:00,3324.91,MCT7159,-5.714724,-107.800925,South Korea,106.23.224.0/21,,1,Web,EUR,02-06-2025 12:16
697a929c-253a-4f88-ac7f-6696ffa5a5a5,22-10-2025 08:44,7625.83,MCT9557,83.509448,-81.442603,China,140.0.0.0/8,,2,MobileApp,SGD,16-10-2025 01:24
7eb4af50-af07-4537-8895-f96b6dca6d02,15-03-2025 23:31,9430.46,MCT8725,18.070036,26.175371,Philippines,21.106.224.0/19,,5,Web,CNY,09-03-2025 15:40
4e81d72e-7a6f-4243-8d33-074c99ea0143,08-07-2025 05:12,880.01,MCT2758,-23.625725,82.367917,Australia,136.31.53.64/27,,0,API,INR,05-07-2025 09:19
4f191300-1597-4819-861b-668a4ef6f010,14-12-2024 23:41,5254.26,MCT7173,-45.9162405,106.966,France,39.1.44.0/26,,1,Web,JPY,08-12-2024 07:44
f2f01deb-805a-42f9-92ed-8ede1683e17b,30-04-2025 14:06,5142.09,MCT8486,32.700626,-93.590175,Singapore,211.0.0.0/8,,3,Web,JPY,28-04-2025 07:57
4dea8daf-5069-40fe-93da-761efa72249b,10-04-2025 15:58,3383.65,MCT8257,83.6014075,151.050648,Canada,98.32.0.0/11,,2,MobileApp,THB,04-04-2025 02:04
1000957a-f7fb-456e-ba89-c23f5540f598,27-01-2025 00:57,6383.61,MCT8002,-30.5084785,23.204073,India,147.0.0.0/8,,8,MobileApp,EUR,26-01-2025 11:55
1b13392d-80e6-400a-9a4d-0cacb646f810,09-06-2025 06:16,8512.72,MCT1363,52.376925,-179.188493,Singapore,152.0.0.0/5,,4,MobileApp,SGD,03-06-2025 04:12
8f8a91e8-37dc-475b-be53-51adfcd1ef48,24-11-2025 17:46,8646.06,MCT7020,79.432016,-152.163551,UK,198.200.0.0/13,,3,MobileApp,MYR,23-11-2025 02:15
8b1304f9-b55b-4914-8de9-5b712d92f830,23-11-2025 12:54,1655.34,MCT9502,-38.6021065,68.998818,Indonesia,88.0.0.0/5,,6,MobileApp,USD,17-11-2025 04:21
a3461625-6070-4902-a104-49f5d4b88dc8,12-12-2025 00:18,116.24,MCT1470,-11.716147,26.285721,Canada,222.40.145.206/31,,8,API,KRW,05-12-2025 22:48
e2774d22-9f8f-46b9-a5d8-b659615e8259,12-10-2025 02:26,964,MCT5748,-13.8212945,-2.965651,Thailand,166.144.0.0/14,,9,API,SGD,05-10-2025 05:01
91e8be47-f428-4946-9412-bc002aa7ba87,09-11-2025 09:39,9785.38,MCT4350,-14.4677575,-22.719768,USA,124.0.0.0/8,,1,Web,THB,02-11-2025 17:59
ebe3a924-ccdb-4265-86d0-4998ef0d93a4,05-11-2025 03:59,2341.32,MCT7696,89.752461,106.011977,Canada,105.234.64.0/19,,2,API,GBP,29-10-2025 17:57
2b65d700-7052-43cd-949d-e2c708cd12c6,14-04-2025 20:21,7193.04,MCT4527,15.845843,-43.897924,Vietnam,20.64.0.0/10,,0,MobileApp,THB,11-04-2025 13:34
822494a5-1556-4e60-903e-e5235fbd1594,23-08-2025 23:44,8565.14,MCT2684,-28.0610135,53.23543,India,114.108.0.0/14,,3,Web,INR,23-08-2025 04:47
58f6b405-dece-425a-aa7e-3cd0ef29fd64,26-01-2025 13:49,1839.53,MCT8979,68.3664435,-85.750154,Australia,106.26.0.0/15,,3,Web,SGD,23-01-2025 19:06
5a8553fd-cea8-4401-869e-a940aa7015fb,13-12-2024 19:53,8659.19,MCT2075,-7.954965,-98.370287,Thailand,76.217.56.0/21,,4,MobileApp,JPY,07-12-2024 17:24
bfb8bd8c-440d-4ab1-acbb-42f5d89fb567,28-01-2025 08:39,4802.17,MCT8900,10.7302355,-43.12091,UK,136.184.0.0/15,,10,MobileApp,MYR,23-01-2025 04:30
2cd54360-a683-44b4-8f2c-c7f1699beb1a,24-11-2025 19:50,5958.64,MCT7907,62.63403,95.892114,Germany,188.108.0.0/15,,2,API,EUR,19-11-2025 06:30
8dd89f05-1438-43d5-baf8-ab5bfef8e8c4,04-11-2025 23:16,233.53,MCT6768,-67.145358,169.156771,Australia,216.0.0.0/7,,10,Web,INR,02-11-2025 12:44
892d1770-0492-4676-bc78-e3b547b6c2a7,08-01-2025 00:13,7666.78,MCT4106,68.4912795,149.147133,Vietnam,7.182.155.128/26,,2,MobileApp,INR,06-01-2025 18:59
8575983b-2e96-4457-9fa4-e72a276aa7cb,19-11-2025 19:32,4741.76,MCT3413,-68.115312,-75.958953,France,196.185.32.0/29,,6,API,JPY,17-11-2025 19:07
6ad312d1-b38b-4141-b51b-58ce0c151fcb,11-09-2025 15:46,7839.53,MCT5025,20.402216,-17.821893,Philippines,91.0.0.0/8,,2,API,GBP,07-09-2025 06:37
bf588dc7-3541-4f89-8e17-4f43e077a30a,04-03-2025 01:02,1953.12,MCT5475,-24.1367145,-141.941076,Philippines,110.235.0.0/16,,1,API,USD,25-02-2025 16:19
8a72b710-8ed6-466a-9b1a-f44cc3f4390e,06-06-2025 15:02,4606.4,MCT2089,-70.7130385,157.854999,Canada,131.68.225.160/27,,9,API,KRW,02-06-2025 12:11
f38b623b-0d55-4cf8-ad9f-48a8da4f405d,24-12-2024 19:18,295.73,MCT7193,15.7221535,102.271901,Canada,91.72.0.0/14,,1,Web,EUR,19-12-2024 23:38
7642e7e6-ef09-4b0c-90d7-f6eeb180ec95,19-01-2025 13:41,420.58,MCT1613,68.2031145,-143.058284,Vietnam,72.0.0.0/6,,9,Web,JPY,14-01-2025 22:30
a0fd64b9-a6db-49d3-9f4f-4b93c6c39c50,27-11-2025 14:06,8355.16,MCT6491,61.0132685,-6.857885,Singapore,30.174.68.128/25,,7,Web,INR,23-11-2025 14:59
7730d070-c2e4-4ff3-b050-4b03103c38b1,18-07-2025 14:51,8685.5,MCT3570,24.497288,131.89688,Japan,164.0.0.0/9,,6,Web,GBP,16-07-2025 10:03
7cdbf81f-bb12-4ca0-8fc8-7cfba34142b4,21-08-2025 02:08,9068.69,MCT6408,-72.0418995,-134.427267,South Korea,40.0.0.0/6,,6,MobileApp,MYR,16-08-2025 20:35
f6eb267f-d364-4e4c-8398-65b90fe0cee7,20-11-2025 04:57,9740.25,MCT4108,30.21626,-135.267008,India,113.197.238.0/23,,3,MobileApp,CNY,15-11-2025 00:44
b74e7abb-7663-463e-aa72-7702088e19ba,11-02-2025 00:42,5355.8,MCT1440,-26.8295875,-41.001898,Germany,46.32.116.60/30,,10,API,KRW,06-02-2025 11:46
8e8dbdaa-4b64-4c29-b397-1adcb4c25f19,13-08-2025 22:47,1910.39,MCT5165,-17.539241,-159.545178,Russia,196.141.128.0/17,,2,MobileApp,SGD,07-08-2025 14:02
a15a25d6-4856-4815-8caf-f43e3b517c66,10-02-2025 02:44,7730.52,MCT3621,63.070358,39.319414,Indonesia,61.148.63.0/24,,2,Web,USD,03-02-2025 16:34
c1fa5318-b778-4a9d-aed9-1165a4807ad7,13-03-2025 08:12,6332.83,MCT5573,23.785486,-97.603463,UK,78.127.242.0/23,,0,Web,USD,09-03-2025 03:07
f61fa2e4-7ea8-40d4-9375-e7d9f2b82e26,14-08-2025 17:46,7182.05,MCT7462,14.5972705,51.515572,Japan,178.18.0.0/15,,8,Web,CNY,14-08-2025 16:19
e56161b8-1710-4b64-82a8-4e238afab601,21-07-2025 00:54,5736.3,MCT8605,38.617315,-2.953848,Germany,107.120.0.0/13,,1,API,CNY,18-07-2025 11:16
7d0b91be-2902-47bf-883e-15bdf4ce69e4,08-04-2025 08:23,5810.03,MCT3561,1.1496715,109.837678,Brazil,188.164.38.0/26,,0,Web,THB,01-04-2025 13:50
935cdaff-7244-40e4-9b15-5e6d7ed53ec1,28-02-2025 20:03,4935.98,MCT6500,86.637151,-117.39155,Australia,134.95.126.20/32,,9,Web,INR,27-02-2025 16:55
bd154662-80a2-47b8-8dfd-43a6042306dd,06-06-2025 03:06,800.73,MCT7313,34.9737015,-35.643518,Nigeria,211.240.0.0/12,,3,API,GBP,30-05-2025 13:11
a665eab9-10d0-4b03-89f6-8df2f962d048,04-08-2025 22:29,851.45,MCT6503,-32.1792055,87.224331,USA,46.0.0.0/8,,3,MobileApp,INR,31-07-2025 10:55
4cfccaf7-fa29-441a-b1e3-146465b54d44,09-08-2025 03:41,9008.59,MCT6924,16.7117685,-109.104067,Indonesia,202.224.0.0/11,,0,Web,EUR,05-08-2025 02:07
a107a21b-fb4e-438c-be72-6e0430f57174,18-11-2025 17:21,3377.62,MCT4501,80.9509235,-13.632186,Philippines,198.64.0.0/10,,0,API,JPY,16-11-2025 08:44
13547cf0-6d84-49b8-b601-12ded7e28657,06-08-2025 11:57,7081.72,MCT7272,-39.862937,-62.920798,Singapore,1.8.73.128/25,,3,Web,MYR,02-08-2025 05:37
c8897f2d-63f4-4330-9647-c15c2176628a,13-04-2025 09:51,4078.3,MCT1500,-46.465944,-105.957637,UK,185.6.192.0/19,,5,MobileApp,USD,13-04-2025 08:24
91dff5c6-54a5-4e62-a0a8-07446ce11fb7,19-05-2025 08:53,308.01,MCT4024,-39.7376525,-130.132911,Australia,48.0.0.0/8,,5,Web,USD,18-05-2025 05:28
5b82f00a-14ac-409c-9e3d-9cc6c73b59b6,01-09-2025 19:36,3814.66,MCT9557,62.2740625,62.683967,USA,61.71.99.184/29,,0,Web,KRW,31-08-2025 02:39
f47299bd-b925-4502-9af3-a2013b5db236,23-08-2025 08:43,1751.82,MCT7054,-58.7808365,172.343282,Indonesia,88.0.0.0/7,,9,Web,MYR,21-08-2025 14:29
ea1f3cc1-4af5-4048-bfdc-94ed245d047e,04-09-2025 02:41,5421.55,MCT6749,25.052711,-3.946352,India,79.106.56.0/22,,9,Web,KRW,29-08-2025 16:22
5229fe02-33fa-4a6d-8052-907c289a9332,04-02-2025 11:08,6646.15,MCT5230,-11.023579,-156.273281,South Korea,154.84.0.0/16,,3,API,SGD,29-01-2025 17:49
9258e75d-6dac-40f9-81a1-f58fc69dc3ad,19-01-2025 10:57,6873.66,MCT8913,-50.9021065,20.763751,UK,197.53.190.88/29,,7,MobileApp,MYR,18-01-2025 08:50
b7425daa-bdb6-4ac2-a7a6-cf4110c86577,27-08-2025 19:28,9019.64,MCT1384,-31.93673,-30.841873,South Korea,161.229.0.0/21,,6,API,MYR,24-08-2025 21:39
c0e5555f-0d9f-4abd-800a-2c1368e5d433,06-12-2025 16:38,867.78,MCT1968,-65.8656485,46.308818,Brazil,105.110.96.0/20,,6,MobileApp,GBP,06-12-2025 08:34
c19407bb-fb86-4b5e-99d5-2de4476c833b,30-01-2025 14:21,5996.61,MCT9117,-60.5474765,167.703928,Malaysia,214.0.0.0/7,,8,API,GBP,26-01-2025 07:08
cbc9835f-25f9-41e9-af20-75d0f6c248e3,18-06-2025 16:23,8596.91,MCT4386,34.8502975,-11.459547,Malaysia,184.240.0.0/17,,6,MobileApp,GBP,14-06-2025 13:16
432d96d2-2c19-4dda-976d-32902eed9cf2,03-03-2025 22:01,8955.78,MCT2976,59.701475,16.066852,Indonesia,207.22.0.0/15,,5,MobileApp,INR,03-03-2025 01:28
87fbd511-ddef-4811-93eb-d92d135b9312,19-03-2025 03:48,157.34,MCT4900,89.3341595,-19.889098,France,64.0.0.0/7,,1,MobileApp,KRW,18-03-2025 09:15
383a3c7c-441a-4dd2-8cf5-8e6c3627f7d9,14-01-2025 09:42,9758.15,MCT6079,2.5737245,-170.345043,Russia,182.51.128.0/19,,9,Web,INR,10-01-2025 13:55
b48c8a6b-db5c-4b7c-93c7-ee5de54c8c98,29-08-2025 20:25,6953.9,MCT3725,85.8794825,-95.377549,Thailand,58.30.161.128/30,,2,API,INR,23-08-2025 16:49
f34957de-44ae-454a-ad89-d095318a8e81,14-02-2025 08:58,4040.14,MCT8365,-56.9440045,86.304073,USA,34.12.0.0/20,,5,API,JPY,11-02-2025 05:22
4f771462-c623-410e-918e-a0ee6fbf3951,07-06-2025 18:46,70.64,MCT4097,61.155558,-88.287182,Russia,207.105.216.0/21,,5,Web,JPY,02-06-2025 23:34
9a5360d3-800d-4009-b752-018c854ac910,02-12-2025 05:26,6561.53,MCT1044,-39.55097,15.713145,Singapore,60.242.122.128/26,,8,Web,KRW,27-11-2025 18:42
81130429-ef6a-4f4b-94d4-a095222cb32d,22-11-2025 01:12,8164.59,MCT1845,77.533035,-127.774883,Vietnam,193.60.180.0/24,,6,Web,GBP,18-11-2025 02:03
ae06dd4f-9295-43c4-921a-9c8de6673a03,22-09-2025 06:46,4947,MCT5924,75.445571,-165.903647,South Korea,4.0.0.0/7,,9,API,GBP,17-09-2025 09:47
deedf5e1-2b96-4216-abc1-77b4a9248ed4,04-07-2025 05:22,8090.77,MCT5092,10.924179,44.086016,USA,177.180.66.253/32,,6,API,GBP,01-07-2025 01:04
b5d34d63-288e-4075-a653-92c4262fa5de,20-04-2025 05:13,9641.56,MCT6584,63.1353575,150.317018,Japan,124.116.160.0/19,,9,MobileApp,JPY,14-04-2025 01:01
59817b9d-7e42-4fab-888e-280fba2a2dab,16-12-2024 00:28,8936.67,MCT4713,-13.0078675,-162.241854,Nigeria,23.66.52.128/25,,7,API,GBP,12-12-2024 01:15
d4c8e42c-1390-4ee3-813c-703deaede498,01-03-2025 16:54,4170.74,MCT1925,-20.104818,-107.946633,Russia,26.20.199.240/28,,1,API,SGD,25-02-2025 18:43
15499433-ade5-4613-bd22-bc2d15b54d4e,27-11-2025 16:17,8889.02,MCT6560,-1.4012185,-44.254774,Vietnam,218.128.0.0/12,,10,API,EUR,20-11-2025 20:10
441ebdff-906f-4031-aa65-afcb28b2372f,09-07-2025 05:22,9287.73,MCT4078,-67.712706,12.376502,France,204.22.79.0/25,,2,Web,SGD,03-07-2025 07:33
9273f828-e0ef-4176-8e9c-e0776b041517,20-07-2025 16:35,9088.54,MCT5351,-11.3419025,157.388649,UK,116.173.224.0/19,,8,API,USD,16-07-2025 06:28
7d078200-37f3-44e9-9eb4-18f5b76e2ffc,14-09-2025 07:06,7730.08,MCT4640,30.173765,-28.682229,China,112.142.36.88/29,,2,MobileApp,INR,10-09-2025 12:45
4b566bd9-41b9-4b81-97d9-2d5dab8ddd9c,25-04-2025 08:06,8186.92,MCT3680,13.178891,179.220109,Nigeria,140.196.215.252/31,,9,Web,JPY,18-04-2025 21:14
4ee8610e-c3c0-4bc1-9971-db11997452cf,30-03-2025 09:28,4909.26,MCT9005,-23.932241,-149.791776,Vietnam,32.0.0.0/8,,1,Web,GBP,29-03-2025 04:46
6a8e9e0c-eeff-4727-936f-d81d3effc497,12-12-2025 04:34,61.87,MCT5872,-50.6432115,65.547285,Brazil,156.128.0.0/9,,9,API,USD,07-12-2025 20:48
f1b9cba3-05d2-4481-857e-69f2787f801e,17-10-2025 03:01,4026.97,MCT8933,6.7879495,-86.48874,Singapore,73.192.0.0/12,,5,API,SGD,16-10-2025 00:13
b961d044-f007-4414-a826-98b90cd38760,17-03-2025 01:45,3101.14,MCT6155,-86.5637075,6.401927,Singapore,16.81.64.0/22,,3,API,KRW,10-03-2025 04:01
ceea7d05-558d-4ef0-be7a-38edcca6c60b,08-04-2025 05:16,2724.91,MCT2099,-42.872234,111.318847,Australia,135.187.82.32/31,,8,MobileApp,JPY,05-04-2025 15:28
a4ca4253-41ce-4dbe-8f95-322bb787c9cc,25-05-2025 19:27,4013.46,MCT3382,-37.8780495,119.836454,India,128.0.0.0/6,,2,MobileApp,MYR,22-05-2025 06:56
011aad42-5772-4443-8aee-650f3d1b39ca,06-08-2025 21:31,1865.45,MCT5348,-82.101319,-139.328421,Canada,16.160.0.0/11,,1,Web,INR,02-08-2025 19:04
fa8df43a-5d2d-4b57-81cb-cfdcf44744e0,06-03-2025 19:18,1160.89,MCT3751,66.150553,111.752733,Malaysia,7.77.41.184/29,,7,API,SGD,02-03-2025 19:09
e009bde2-282f-44ca-a813-17d65f292e7e,28-04-2025 19:20,3130.56,MCT9623,73.0069505,-48.650533,Russia,193.64.50.237/32,,3,API,KRW,26-04-2025 16:30
e5d0e2dd-cde9-44d0-beea-ad4c183b0b1c,03-02-2025 00:37,1053.46,MCT7812,-84.047784,-65.899321,Philippines,193.200.0.0/13,,0,MobileApp,USD,02-02-2025 11:27
693bb40d-7302-4d85-a1c7-ad8e95f1a06a,14-07-2025 22:19,524.23,MCT9107,22.627646,-158.4649,China,14.0.0.0/9,,7,API,EUR,14-07-2025 18:31
c3869b87-3ea0-45ac-af06-52c70c0725fe,21-01-2025 01:19,4587.8,MCT4461,-62.0168555,139.299415,Canada,57.6.208.0/20,,10,API,MYR,16-01-2025 17:43
e25f0bce-758a-4a53-a145-7881c0329f2f,19-04-2025 20:04,1205.43,MCT3431,-77.3774875,115.452864,France,178.0.0.0/10,,7,Web,CNY,15-04-2025 22:07
7ead70ac-bfe2-4d8a-871a-1ceda2fbcdd0,25-12-2024 04:14,7078.75,MCT5662,66.432825,-103.404632,Philippines,115.39.101.128/31,,2,Web,CNY,19-12-2024 08:12
d4f821ca-eee0-49a0-8d21-340214e7d16e,19-03-2025 17:13,1305.08,MCT4852,-46.504903,-94.936457,South Korea,150.3.35.182/32,,0,MobileApp,JPY,16-03-2025 15:22
e97e9f60-a572-4db8-9589-4a49381ea209,17-03-2025 23:04,3253.34,MCT2571,71.5854715,-124.641274,Indonesia,41.50.222.0/23,,9,MobileApp,GBP,12-03-2025 15:23
7abf65ba-cb4f-4d0f-aa10-8c07e150ef63,26-11-2025 18:57,5872.92,MCT6623,-53.293644,-39.36493,South Korea,193.190.208.0/21,,10,MobileApp,JPY,23-11-2025 19:16
3edf858f-f46b-44d1-a51a-39b90568b1be,28-12-2024 18:31,7796.81,MCT5709,62.253579,-12.088006,Singapore,219.89.48.0/20,,5,MobileApp,MYR,22-12-2024 21:09
06df445f-c5d1-4743-a327-0348da082bb9,29-11-2025 14:24,8680.85,MCT8049,77.5597525,-29.56601,Brazil,220.216.0.0/13,,6,Web,JPY,24-11-2025 07:57
31203ef6-ecbb-4ca9-9e85-51df5063a426,19-04-2025 20:44,7889.22,MCT3441,-32.8733475,49.912465,Indonesia,19.189.238.24/32,,0,API,INR,19-04-2025 03:08
352cabf6-ca4b-48c2-bc86-eecc6962ef26,03-08-2025 02:40,3747.41,MCT7973,67.5227445,173.189855,South Korea,48.65.192.0/18,,6,Web,THB,27-07-2025 09:19
58b7c50c-acae-4c09-ab56-d40502994024,27-01-2025 11:35,1358.6,MCT4449,-49.257083,40.383595,Philippines,107.154.44.0/22,,5,MobileApp,CNY,20-01-2025 16:37
5de16833-1f82-4165-a5f7-3e40d3618241,01-03-2025 13:27,1052.12,MCT8165,2.745144,-177.376678,Germany,148.192.0.0/10,,9,Web,USD,23-02-2025 19:37
6af0a4ff-fe00-4974-b2bd-f164b313d9ec,06-11-2025 22:26,5146.68,MCT3224,-55.1355705,107.910555,Russia,76.68.224.0/19,,0,MobileApp,KRW,01-11-2025 08:04
0d3ce544-68e1-4f2a-9450-32fa3129e077,06-07-2025 15:07,3816.25,MCT8173,28.5935115,-36.297555,Brazil,205.174.8.0/22,,7,MobileApp,EUR,05-07-2025 01:43
19bb1f94-5957-454f-bfe0-8ba34e280493,11-03-2025 23:06,8151.02,MCT5617,87.121799,-16.941027,Philippines,28.224.0.0/13,,0,Web,MYR,07-03-2025 21:23
a98ae69d-5e51-4020-bdf6-323f37bcdaf3,08-05-2025 19:42,8160.25,MCT3289,-18.32126,150.178382,Philippines,108.0.0.0/7,,6,MobileApp,JPY,06-05-2025 22:39
1a757d05-3f32-4cf5-ae74-44acd6c50274,19-03-2025 22:34,3208.59,MCT3584,-50.1410045,-67.492135,Brazil,176.0.0.0/4,,6,Web,INR,13-03-2025 20:31
d848ce96-e396-462d-ab61-f7bd518ac43a,16-07-2025 10:57,5853.63,MCT1288,32.5256335,-57.012554,Australia,82.0.0.0/7,,0,API,MYR,10-07-2025 14:03
9bff2606-9671-4ae3-933b-2aa2a66ea031,12-06-2025 00:39,4931.97,MCT9488,-56.255212,26.292878,Canada,154.85.50.4/30,,4,Web,JPY,05-06-2025 23:09
17fd97b6-6937-4c3d-848f-4dba8f603d63,08-02-2025 02:23,6277.01,MCT6917,-57.462994,-80.659643,Singapore,75.39.0.0/16,,2,MobileApp,MYR,04-02-2025 09:51
4848c182-73f5-42c6-a663-ddac449d2e77,10-09-2025 11:14,3322.29,MCT7579,-13.419954,-76.535463,China,192.238.96.0/19,,3,API,EUR,09-09-2025 09:37
a2d43d18-6978-44ec-a48f-825daaa77b99,26-03-2025 06:48,7686,MCT6443,-50.3069095,71.518091,UK,53.24.0.0/14,,4,Web,KRW,21-03-2025 15:40
66e1bdd9-8532-4f34-9110-b2dff1ae869a,12-12-2025 01:12,2713.97,MCT7944,18.721529,142.984275,India,2.179.189.102/31,,0,MobileApp,SGD,08-12-2025 07:49
beba0d0a-7cd6-4004-8dcb-df788ae30fdc,05-07-2025 17:47,8598.93,MCT6769,-5.3902465,-176.16747,Russia,52.39.125.22/31,,8,Web,CNY,04-07-2025 03:56
8fdd2cde-28f2-4d95-9cb0-0fdae091f11a,17-08-2025 09:51,3965.69,MCT8868,-51.3211445,-56.814426,Indonesia,160.14.0.0/15,,9,API,KRW,13-08-2025 14:56
ea043efe-5e94-4b4c-a697-2ce0a6bea425,31-01-2025 06:09,1056.67,MCT7640,-62.729337,-13.686265,Singapore,35.208.76.0/22,,10,MobileApp,JPY,27-01-2025 13:10
3aac82a3-ead3-4f83-9937-d04fd60bc722,02-03-2025 05:01,8297.43,MCT4024,78.197432,127.679462,Brazil,50.96.0.0/12,,10,Web,EUR,26-02-2025 23:46
2e7bcf4c-9a34-4114-bc8b-5a6a95e9477d,01-03-2025 12:01,5927.71,MCT6484,59.0408685,177.758841,Australia,43.128.0.0/9,,5,MobileApp,SGD,23-02-2025 21:22
f74b7967-cf78-46bd-8f3a-3f267a88c8ca,10-07-2025 21:41,7352.82,MCT8160,37.1280335,141.983409,Russia,150.191.248.0/22,,10,Web,MYR,10-07-2025 03:08
e0218e9a-9d5b-49ca-88eb-3bbfcb18b997,06-03-2025 20:22,4316.92,MCT1424,-15.1872455,-20.447399,Nigeria,192.8.0.0/13,,9,MobileApp,CNY,02-03-2025 15:31
c2d062ef-37fb-43cc-9cf6-6327f7e562ca,09-01-2025 00:15,7706.55,MCT2597,-22.3945385,-86.242092,China,128.0.0.0/3,,6,Web,EUR,07-01-2025 18:39
ff030d67-12af-47f1-9e5a-a8cba1feda68,17-07-2025 18:39,6906.21,MCT9688,26.184783,-27.012817,UK,197.152.0.0/14,,2,API,CNY,14-07-2025 07:16
00d332a9-1446-470e-b451-a86f8ebb142c,01-08-2025 15:26,7422.04,MCT3762,65.9639275,54.651971,India,46.128.0.0/9,,10,API,MYR,30-07-2025 08:31
2478a744-5175-4214-a422-2552d85b2534,02-05-2025 23:56,7198.6,MCT9777,36.372656,13.793267,Germany,204.255.0.0/16,,2,MobileApp,CNY,26-04-2025 14:33
c5adf1e8-c8b9-4648-8647-9e28daf634be,15-01-2025 09:11,1177.29,MCT4150,15.7776855,-129.152217,Singapore,94.233.5.128/26,,5,MobileApp,INR,14-01-2025 19:56
4b15b599-e33a-425c-8201-692dc1c11eee,25-07-2025 11:18,8336.84,MCT8467,65.938421,-91.43763,Canada,160.105.0.0/17,,3,MobileApp,SGD,21-07-2025 14:25
aac122fb-c93d-4859-9aef-58c782ec5707,29-07-2025 19:46,5170.25,MCT8653,-61.0272875,167.974715,India,37.128.0.0/9,,8,Web,USD,29-07-2025 07:16
e8938a2f-41b8-4082-8b36-68a657967e3b,02-02-2025 06:44,3275.54,MCT1131,-88.3568735,-52.076763,Canada,77.39.104.0/23,,4,MobileApp,INR,31-01-2025 07:33
f3455749-62a4-440f-add2-5d4e620e3c54,02-04-2025 09:03,7781.26,MCT2463,-50.4327235,-70.377559,Indonesia,64.122.224.0/20,,10,Web,GBP,29-03-2025 08:06
1461fff2-885b-4cf2-b768-c6525fdcdb3c,14-12-2024 22:19,2019.73,MCT2559,-5.5138265,-39.226682,UK,33.137.140.0/22,,1,API,THB,13-12-2024 18:34
d1112f22-d504-453f-b867-07683374e2d2,29-07-2025 10:11,8164.55,MCT3035,57.9435915,-91.843466,France,187.112.0.0/12,,1,API,CNY,25-07-2025 08:30
3da086f5-04a2-47d1-ba40-c728885c2e01,17-05-2025 23:11,3363.15,MCT5499,65.166484,-66.179549,Philippines,25.104.0.0/13,,10,MobileApp,USD,14-05-2025 09:13
aa69e55a-a5f4-4197-88bc-c5fd8224cfeb,31-01-2025 17:21,6064.36,MCT9379,-7.5883605,147.877013,South Korea,175.173.192.0/19,,10,MobileApp,GBP,28-01-2025 14:02
c8b5e22f-8283-4c4d-9d74-6b60731622dd,07-06-2025 17:51,3959.82,MCT7054,67.8241955,63.519774,Philippines,201.198.126.0/23,,4,Web,THB,04-06-2025 07:35
6248ff79-9730-4b52-b6c8-434c15dc5eef,21-02-2025 23:43,8119.87,MCT5332,-29.923204,-35.810825,Malaysia,222.128.0.0/10,,2,API,GBP,16-02-2025 04:05
507b5be0-4291-462f-855f-f237a8a82f2e,20-07-2025 23:46,3032.86,MCT2604,-45.7928065,22.537586,Nigeria,118.0.0.0/8,,9,MobileApp,MYR,14-07-2025 21:07
a8c24cb9-6956-4e6e-a6b4-cde536076a4c,15-01-2025 18:11,6422.08,MCT3897,-47.001365,31.140434,Germany,15.127.160.80/28,,4,MobileApp,SGD,12-01-2025 02:10
a113898c-c389-414f-a2a6-3c42cd7a0342,26-08-2025 08:31,8906.02,MCT1746,-5.053941,-170.628391,Thailand,99.113.200.208/28,,3,MobileApp,EUR,23-08-2025 15:22
5fc597c7-1b29-49f8-95b1-9560d3daa63d,10-07-2025 14:38,7616.83,MCT4688,44.2775235,-178.903564,Australia,15.229.109.0/25,,7,API,KRW,04-07-2025 05:38
a341aabd-bd19-4b0c-ba4a-e59793199f0a,28-04-2025 04:24,2159.53,MCT6240,-77.4659995,-159.569782,China,28.179.204.0/22,,0,API,CNY,26-04-2025 13:59
ceb8e0c9-92f7-4a30-bc6c-9ecc26f5c9a2,04-10-2025 13:07,6740.76,MCT1189,-31.739052,-58.870344,China,188.70.208.0/28,,5,MobileApp,JPY,28-09-2025 05:32
50b42971-9a3b-485f-8767-832cf3c8a927,27-05-2025 00:59,6934.43,MCT5041,12.6570865,128.376286,Nigeria,211.112.0.0/12,,5,MobileApp,USD,26-05-2025 12:09
1dbdca5a-a141-4a7c-9304-0c0485f96fa4,15-07-2025 03:52,5131.76,MCT1748,-40.252943,-15.025405,France,89.153.125.32/30,,7,Web,EUR,10-07-2025 02:55
37874e22-0641-475e-b312-8e4c0a9fb4dc,15-01-2025 16:00,5330.08,MCT6694,79.905821,-160.87047,Australia,104.0.0.0/6,,4,API,GBP,11-01-2025 02:44
3c71a201-f62e-45fd-acfe-b391a9a2c3e1,03-09-2025 21:43,1323,MCT8623,-54.758323,143.430023,India,155.196.0.0/14,,0,Web,INR,31-08-2025 17:43
b70334d2-a9af-4619-a73e-f91b0c846132,09-12-2025 18:19,5812.64,MCT4168,75.601434,152.000292,Philippines,30.0.0.0/7,,9,API,CNY,09-12-2025 14:51
cd6784c0-24b3-4045-861e-6e004bcf8369,08-07-2025 03:59,3749.28,MCT9987,-29.9686845,107.129566,Thailand,60.0.0.0/6,,1,Web,EUR,07-07-2025 22:40
cb1bae0d-5d36-4d0a-8da1-fbbb33ce5da7,14-01-2025 17:14,5783.09,MCT6017,78.0407055,87.593248,Nigeria,199.95.132.0/26,,1,Web,USD,14-01-2025 07:05
1981e7a9-8158-487c-bc30-7ad47a1f7770,26-09-2025 17:28,4389.32,MCT4786,-18.203949,125.964104,Thailand,186.14.0.0/15,,0,Web,SGD,22-09-2025 06:16
fe7bae57-d6c8-44db-926c-170975a6829b,16-08-2025 20:16,8249.76,MCT8622,-87.1100755,-10.567528,UK,54.158.96.0/19,,7,MobileApp,SGD,15-08-2025 04:12
83d1e4ef-b49e-4265-943f-692daf208b4b,14-08-2025 14:02,9631.54,MCT9022,67.785716,-7.233916,Vietnam,160.0.0.0/6,,7,API,JPY,13-08-2025 07:31
8cba7f56-582c-479e-9cbd-88eb00038bb5,02-08-2025 17:54,6110.44,MCT3822,-1.270545,170.062347,Germany,193.144.0.0/16,,10,API,KRW,30-07-2025 08:44
1759716f-3a56-4553-8b9a-f798735e7489,18-12-2024 08:07,6712,MCT7287,6.1858365,170.482132,France,208.0.0.0/5,,3,Web,CNY,14-12-2024 09:31
15f2b278-27ac-4518-970b-9441a8f939c6,03-06-2025 07:22,9271.18,MCT5340,-15.383154,-167.941598,USA,25.207.192.0/19,,9,API,INR,30-05-2025 09:31
52036a9f-f14b-41ee-80f5-895ac3a77bb8,01-11-2025 01:04,8211.33,MCT8667,-72.676979,54.152532,Philippines,218.124.55.128/25,,5,API,THB,26-10-2025 12:53
a70f61c8-d994-42f3-9bc6-3b1d4d2c6cb6,09-01-2025 05:30,3757.32,MCT7219,-30.3448015,172.557705,Singapore,113.54.0.0/16,,6,API,GBP,06-01-2025 14:25
121bfe89-044e-4345-ba7f-799263da70ff,14-11-2025 01:57,8340.29,MCT6572,39.356721,17.336048,Germany,6.0.0.0/7,,7,MobileApp,CNY,12-11-2025 01:47
84aea595-2c85-46d8-ac6a-fdd741029518,03-05-2025 12:31,894.68,MCT6733,-82.8893105,-113.377327,Nigeria,104.0.0.0/5,,2,Web,KRW,27-04-2025 01:30
a3011f87-e1ca-451b-b21c-7bc4c3522cca,08-11-2025 01:27,54.9,MCT9629,61.0745365,34.173536,Brazil,88.247.184.224/27,,1,MobileApp,CNY,02-11-2025 11:02
82b48100-fb33-4829-a78c-15253255bbaf,28-08-2025 22:16,8461.94,MCT1716,74.547452,-178.638535,Germany,76.108.0.0/15,,5,API,EUR,27-08-2025 15:21
e1fedf08-d7ef-4058-bd5c-bf4581309dfe,23-11-2025 12:52,9401.12,MCT8447,26.2223195,65.91757,Philippines,117.18.135.96/27,,3,Web,INR,17-11-2025 03:37
be069bcc-da30-48e7-9ca8-9a2be88cb17e,24-09-2025 16:23,653.08,MCT9360,-38.2365675,-14.063679,Australia,43.73.0.0/17,,7,API,SGD,23-09-2025 23:15
28dffb3d-414f-4b0d-b2d0-6a753ab43a5e,29-11-2025 05:52,2038.85,MCT7478,-41.116629,-174.72515,Canada,123.13.15.0/24,,9,Web,THB,27-11-2025 07:28
69a25207-afb3-4de7-885d-556aeb576b66,21-06-2025 22:49,3632.62,MCT9587,64.5763275,35.148481,Vietnam,144.4.71.0/24,,7,API,JPY,16-06-2025 19:40
72eb2c59-0d1c-4b57-9cfc-e1dab90e324d,22-09-2025 00:00,7870.82,MCT4470,-41.0357615,-91.255319,UK,26.248.0.0/13,,6,Web,THB,21-09-2025 06:33
c96dbdf7-5ffe-41ec-a014-e4e8750f5339,18-09-2025 03:12,6679.35,MCT8249,14.3228725,-75.472907,South Korea,179.150.106.0/23,,1,Web,EUR,13-09-2025 02:09
b8a1f913-8328-45e7-9c87-bddcf12fcd20,17-07-2025 03:46,1552.54,MCT6611,-88.493178,148.078784,Indonesia,50.42.164.112/30,,0,API,USD,16-07-2025 22:10
a155c21f-97b5-4eb4-9219-c2d3c4c42c41,08-06-2025 10:32,5165.06,MCT9684,20.5873885,7.962589,UK,80.0.0.0/5,,10,MobileApp,THB,07-06-2025 17:27
eb654e31-89ad-43b2-a5a5-90197e313ede,16-04-2025 02:20,6929.03,MCT4601,-81.9039665,-131.284365,France,29.88.0.0/14,,1,API,CNY,10-04-2025 23:08
64f59692-dbae-4306-9b57-f350cdf203ab,01-09-2025 13:08,105.65,MCT2362,-33.259755,-123.248671,India,128.139.40.0/21,,8,MobileApp,THB,30-08-2025 04:29
b8bf2def-4d3e-41b0-9444-0331bc553fd7,18-11-2025 18:46,7941.74,MCT8054,72.7123905,-144.155062,Australia,131.88.0.0/13,,8,API,JPY,18-11-2025 12:13
da3a9ec5-13a9-4ffc-980f-d1e7544f3620,29-08-2025 17:07,8060.09,MCT6587,-29.2758065,-64.667552,Indonesia,206.184.0.0/14,,3,API,CNY,25-08-2025 05:31
b76a2034-27c3-4b19-bf25-9b326f9514ec,18-05-2025 19:29,5099.35,MCT5247,-65.639128,-161.883088,Canada,60.96.0.0/11,,1,API,THB,12-05-2025 06:32
721a6d7c-7f05-4abd-902b-822df0f479b2,14-03-2025 13:33,8511.33,MCT8635,-6.678776,67.467501,Indonesia,144.80.0.0/18,,2,API,EUR,14-03-2025 03:33
6095b517-5049-462c-bec7-cd1b524ea152,26-12-2024 12:28,5609.2,MCT8073,-15.7271355,-7.595239,Australia,35.0.0.0/9,,10,Web,JPY,20-12-2024 18:29
00bcf21e-9c60-4de5-af06-e42fc67cf20c,23-12-2024 01:17,3732.47,MCT2536,42.206541,146.350452,Brazil,36.178.224.0/21,,5,API,THB,17-12-2024 03:33
a67520c5-f630-4504-ac39-8a591ebad4ce,07-01-2025 19:29,5234.69,MCT2517,47.4966185,-67.280089,Australia,154.115.184.0/22,,5,MobileApp,GBP,01-01-2025 00:14
139dd0dc-0c9e-4db4-afd5-6b85ef7626e1,17-05-2025 02:15,6316.52,MCT8457,-35.477328,89.240944,Nigeria,188.160.0.0/11,,1,API,INR,10-05-2025 10:49
6e5a1f2c-1f0d-450e-8dd2-f1c09f547d00,13-04-2025 20:22,51.95,MCT9865,70.324892,-100.844772,Thailand,42.218.167.204/31,,7,Web,USD,07-04-2025 03:43
b12cece4-5017-42b0-9f3a-a945ed0f2203,30-06-2025 01:43,4711.76,MCT4315,0.071204,-65.592722,Russia,103.250.192.0/18,,5,Web,JPY,29-06-2025 20:46
bb90465e-6e8d-40b4-b3b1-75e227f17e94,24-02-2025 17:01,2784.18,MCT4568,-8.855639,-35.708676,UK,11.89.224.0/19,,4,Web,GBP,23-02-2025 17:02
18474041-2c0d-42e9-b517-c8e4ceef7587,05-09-2025 07:13,7549.09,MCT7833,42.314796,3.233034,USA,112.0.0.0/8,,4,API,THB,04-09-2025 21:35
7fc5d59d-3c7c-4e71-abe7-4aad92bb37c2,02-09-2025 17:26,2640.12,MCT1737,-47.223805,-43.985717,Philippines,70.135.190.136/29,,8,Web,THB,30-08-2025 08:29
2080d86a-489d-487e-9c53-50b3c61a2706,15-09-2025 04:49,8818.95,MCT1637,71.3427335,-68.864456,Nigeria,71.37.255.128/25,,9,Web,JPY,09-09-2025 00:42
beae95c7-4fc0-4232-bb06-c94d4f7aca13,01-03-2025 18:02,8816.65,MCT8833,-61.9819135,147.261015,France,110.15.0.0/16,,6,API,GBP,23-02-2025 09:14
a816a1c0-f99e-4772-b070-46fe55233b2c,02-11-2025 02:48,9968.64,MCT2094,30.1276915,69.635715,China,163.10.56.0/21,,3,API,EUR,29-10-2025 08:25
55976be2-b56a-416b-a344-c91020623f28,12-08-2025 05:47,9045.29,MCT3960,-77.4786955,27.783415,Vietnam,4.168.0.0/13,,10,Web,SGD,10-08-2025 21:11
9f7eff0b-5ad5-48e3-a799-838196ff9a6d,08-01-2025 23:30,7060.4,MCT9818,-55.00938,-90.053186,Japan,170.0.0.0/7,,0,MobileApp,EUR,05-01-2025 10:50
c28d4578-b403-432c-8ce7-32db35a3fe39,11-06-2025 12:50,9102.32,MCT2535,-70.079796,-143.418262,India,124.0.0.0/8,,9,MobileApp,JPY,08-06-2025 08:00
a4ce9f5d-f55c-4dd6-b01e-1072e9e39ee1,08-11-2025 00:19,5517.57,MCT6061,-24.966026,144.427011,Brazil,188.149.121.48/28,,0,API,INR,02-11-2025 01:23
088e99ed-4bd2-4ace-95b9-bfe867b20e08,21-06-2025 19:14,5400.55,MCT1886,-35.055111,-77.156964,Indonesia,82.99.156.0/23,,7,API,EUR,17-06-2025 09:20
4559ee32-740d-4d79-93ed-c4446d3929c6,27-02-2025 19:08,8926.25,MCT5919,-5.923964,114.324927,Brazil,31.25.0.0/19,,9,Web,GBP,26-02-2025 22:55
9827c79c-d79f-4f4e-a1c4-7766280d793e,21-08-2025 16:49,3208.77,MCT8500,-77.8532665,-126.909366,Philippines,116.58.104.0/21,,8,MobileApp,KRW,16-08-2025 20:57
3aa3a055-ea8a-4bfc-90b6-d132408d5dad,06-09-2025 04:03,6388.24,MCT8027,-2.5255845,55.763618,UK,184.8.0.0/14,,1,API,CNY,04-09-2025 05:15
5807783e-35d2-4f5a-888f-e95e95b08eda,17-05-2025 17:56,5052.75,MCT9224,31.964801,-155.504521,Nigeria,160.16.64.0/18,,4,MobileApp,JPY,12-05-2025 08:24
eb919e72-643a-4718-b78d-36507e881f8d,13-10-2025 18:45,4559.15,MCT7469,31.5492695,39.28886,China,145.0.0.0/9,,4,Web,MYR,09-10-2025 20:05
eec7bd2e-f24c-42d0-901f-fa0df1eb73e2,24-12-2024 12:52,9537.65,MCT3565,-86.1235425,-100.070139,Australia,20.128.0.0/10,,9,API,CNY,20-12-2024 07:25
70b45610-d7fb-4f0d-b184-3fe9cbf5238e,11-10-2025 09:28,2550.92,MCT8764,2.08514,-6.466727,Malaysia,11.252.66.0/25,,0,MobileApp,MYR,06-10-2025 11:32
f53e15d1-a2af-4793-84c8-ab0f662d8050,10-02-2025 22:20,1256.04,MCT8554,-85.078397,23.296607,India,160.229.166.0/23,,9,Web,MYR,07-02-2025 23:29
42911be6-4f55-4e03-9eeb-66ea44151be5,26-10-2025 10:04,4033.9,MCT1157,49.7771815,-49.673347,India,66.140.0.0/16,,9,MobileApp,GBP,23-10-2025 14:40
1e89d749-e5ce-4f53-a1bb-cc94cd23540c,27-09-2025 23:51,2520.81,MCT7397,19.82278,-169.231954,Australia,190.179.108.0/25,,0,MobileApp,GBP,23-09-2025 22:04
4b1fe76d-f638-4fd8-9495-250f6712682b,08-12-2025 09:16,6282.84,MCT1639,-24.047662,-135.644024,India,51.64.0.0/10,,6,API,JPY,07-12-2025 20:58
88e3980b-5495-4714-8b33-1a55d10dc8c9,08-11-2025 12:21,5922.96,MCT2402,-15.308883,118.842586,UK,157.48.0.0/12,,2,Web,USD,07-11-2025 09:46
2d55a3cf-1195-4445-b69b-d3b9c079925e,03-09-2025 09:07,346.28,MCT9550,-74.8164,-176.757703,UK,166.101.32.0/19,,5,API,JPY,01-09-2025 08:06
c153c83f-be94-48ce-b33e-1d61680cf132,07-06-2025 11:42,9784.85,MCT4757,-70.756159,103.662661,Nigeria,144.0.0.0/4,,7,Web,SGD,04-06-2025 22:54
dffe2811-e2e5-44c5-9633-9558822f4eea,16-03-2025 00:25,30.35,MCT3507,-17.3864095,-102.69574,Singapore,171.222.0.0/15,,4,Web,KRW,11-03-2025 22:18
aa25dfd6-0741-404c-9e03-61b16586f320,09-10-2025 22:44,8326.77,MCT2752,-68.936976,-7.278371,USA,115.0.0.0/8,,6,Web,JPY,07-10-2025 19:24
ff7bc71d-83da-4828-a604-7636156122fd,19-07-2025 17:22,7587.79,MCT8159,46.0553105,152.53365,Singapore,94.168.192.0/20,,2,Web,KRW,14-07-2025 20:35
e2c2ef08-0419-4928-9328-1a9fb6afeae1,26-12-2024 10:10,4410.88,MCT9631,-12.1207135,-48.336889,South Korea,20.138.0.0/20,,1,MobileApp,EUR,19-12-2024 12:08
042df897-fba2-4cb9-a24f-229de38c6a4a,29-03-2025 13:42,5052.31,MCT7014,-34.717464,-86.169333,Thailand,142.95.130.0/25,,6,Web,INR,22-03-2025 22:20
ea5b8605-874b-4b62-b242-2d68553464e5,02-11-2025 03:20,9468.74,MCT3335,-23.3313945,122.65404,Brazil,155.148.64.0/18,,7,Web,GBP,28-10-2025 21:08
e1ab8fa0-4e21-4c69-8a7e-40b5067ab499,25-04-2025 19:06,3423.19,MCT7197,5.5526265,45.551735,Nigeria,202.221.246.0/24,,10,Web,EUR,21-04-2025 04:08
023b37ec-d0f5-4005-8b5d-78e1ebde0ec9,23-09-2025 07:20,946.89,MCT4149,71.138358,177.101714,Vietnam,89.151.144.0/21,,6,MobileApp,INR,18-09-2025 19:11
c12e22d4-0688-4eb0-8a5a-8c59e082fe7d,21-08-2025 21:01,6823.47,MCT5075,87.609627,28.504421,France,128.199.179.224/27,,7,Web,SGD,15-08-2025 10:36
d159dbc2-f9af-457e-bd13-86206d6d88cc,01-04-2025 09:37,6127.07,MCT8683,-0.1570045,62.835138,Germany,66.32.85.192/26,,7,Web,SGD,27-03-2025 11:30
91fd5c49-4113-481d-8100-2ce82fe48d8e,22-02-2025 04:23,9839.62,MCT7375,-4.9343215,20.113976,Thailand,39.0.0.0/8,,8,Web,THB,18-02-2025 09:25
941ff569-a0b4-4c13-a892-04d42e845486,13-09-2025 15:15,8670.28,MCT9014,-3.593276,-150.565271,USA,161.158.153.104/30,,10,Web,CNY,08-09-2025 11:02
bf231c07-3bc1-47e2-9c3b-248fb94ffae3,01-12-2025 19:29,647.04,MCT2085,-48.6245475,-115.557551,India,63.16.0.0/12,,1,API,GBP,29-11-2025 08:01
f1037c59-7647-40dd-bfa4-038e41b94ad7,27-09-2025 20:41,2762.77,MCT8790,86.5815845,63.562502,Thailand,189.32.0.0/12,,1,API,USD,24-09-2025 09:11
7d300914-e7da-4976-8a99-224a6c87590b,27-04-2025 11:25,5994.22,MCT2026,55.2117995,-126.089628,Australia,60.0.0.0/7,,0,MobileApp,EUR,27-04-2025 00:39
f20e56ea-e10a-4149-a5ea-92f22d4a6574,28-10-2025 19:25,3860.63,MCT1428,-54.9909615,-81.490146,India,66.73.7.52/31,,9,Web,KRW,22-10-2025 19:52
2646507c-c004-4352-9c5c-e8272a0e906c,25-10-2025 02:24,8415.89,MCT3275,23.7911695,176.72564,Canada,190.149.144.0/20,,4,API,EUR,24-10-2025 16:15
c1908ecb-f435-44b9-b2dd-d1d884fdc8ae,22-08-2025 08:12,9277.19,MCT4973,84.060877,138.227757,USA,223.26.162.0/23,,4,MobileApp,THB,21-08-2025 09:31
fe5b5fde-d7e3-4ba9-9c33-0c1e74ee6ab9,16-04-2025 17:56,1611.98,MCT7582,67.3234715,89.962719,France,208.241.0.0/16,,2,MobileApp,SGD,14-04-2025 17:01
be66a5de-5684-4cb1-b3f4-f1784a3c6fb2,05-12-2025 08:49,5235.96,MCT9446,78.9617435,51.76588,Thailand,65.49.119.128/25,,1,API,JPY,04-12-2025 12:51
e5acba8f-8dae-43ff-b32a-a57eb350410f,16-05-2025 18:07,2558.73,MCT6545,-21.467053,85.95138,UK,139.235.118.160/27,,4,MobileApp,JPY,13-05-2025 11:56
2dccc230-0e88-4a93-bce4-454ebddfb255,30-03-2025 01:59,3160.09,MCT6281,42.5617805,-18.951364,Japan,78.128.0.0/9,,9,Web,KRW,23-03-2025 05:59
993279e1-f91c-4f26-829e-46e54f914043,12-05-2025 01:22,9358.11,MCT9251,-81.058873,77.888173,Philippines,195.171.104.0/22,,3,Web,CNY,10-05-2025 19:22
75a13cb2-d4f4-4ac7-b065-a4256e41294a,01-07-2025 22:03,9247.52,MCT9143,-89.5534955,-31.564448,Thailand,67.190.94.192/26,,3,Web,INR,27-06-2025 09:15
87016032-e6bf-45af-849a-c374d0eeddab,13-11-2025 08:05,1246.17,MCT5781,-82.783047,-125.347004,USA,156.130.101.224/27,,5,API,GBP,08-11-2025 00:10
802419a0-4721-4d94-9872-447547635a31,03-11-2025 02:00,4770.95,MCT7363,8.423354,107.424553,Thailand,138.236.32.0/19,,0,Web,MYR,02-11-2025 17:48
2c02d1c7-3563-4214-ada2-71b3415ffa1a,22-09-2025 10:34,5540.07,MCT9669,31.77115,-123.338213,USA,36.192.0.0/10,,2,API,JPY,18-09-2025 12:26
d08376cd-f964-48b1-80c4-96bd7022b840,16-01-2025 20:15,6887.06,MCT1609,-2.079248,-168.842488,India,151.239.192.0/18,,5,API,INR,10-01-2025 11:41
9a7385c4-8e63-45a0-8f9a-4ad5886e0a69,13-04-2025 06:38,1415.99,MCT6069,58.4134835,-61.90598,Malaysia,135.247.7.64/26,,2,Web,USD,11-04-2025 04:52
1273b91b-ca42-4788-9c08-13670edb9f3a,29-11-2025 19:00,8056.82,MCT5316,35.1270885,-113.268418,Vietnam,50.200.101.160/28,,9,MobileApp,GBP,25-11-2025 13:55
79e4fc69-6190-4943-b929-bc4f15955561,15-08-2025 16:28,2848.19,MCT6480,-22.074354,-12.255843,Nigeria,80.0.0.0/5,,3,API,THB,10-08-2025 13:40
a431884f-259f-4232-835f-5f8bbe2f8ede,12-07-2025 23:30,7589,MCT6527,8.83374,157.273904,USA,68.208.0.0/12,,2,MobileApp,KRW,08-07-2025 12:50
992c8664-1f42-4903-b0cb-bcfaf65efb2c,01-06-2025 23:27,9646.23,MCT3798,55.087708,12.163936,India,136.0.0.0/8,,9,Web,CNY,31-05-2025 15:56
22432af5-111f-4ef7-a060-4113d194e88c,24-01-2025 10:02,3407.26,MCT6395,-3.8096765,-9.673556,Germany,22.249.152.222/31,,10,API,JPY,23-01-2025 23:47
0c7a0834-233d-41ba-99c0-03cdd041fbfd,30-11-2025 18:02,7304.31,MCT1584,-44.722148,40.015406,USA,188.0.0.0/7,,2,MobileApp,EUR,27-11-2025 17:09
05f9d215-577a-4d6f-9915-4f2a7570711c,03-12-2025 05:49,430.08,MCT2985,22.142017,24.665368,Canada,184.55.5.0/24,,7,MobileApp,CNY,28-11-2025 00:10
a30641e9-d0ff-457c-bee5-e637ac7a3739,01-10-2025 09:21,6958.81,MCT3926,-0.0164345,-69.374109,South Korea,100.252.0.0/15,,3,Web,JPY,29-09-2025 02:14
dc683ce7-55f4-4159-ac72-2f03c7f42628,26-07-2025 06:10,9999.05,MCT1744,89.2425505,171.059216,Indonesia,148.192.0.0/10,,8,Web,THB,23-07-2025 17:35
34162875-3fa8-4791-8e58-ff1d74a57afd,11-01-2025 18:36,126.46,MCT7335,-77.8511,-80.984053,UK,90.192.0.0/12,,5,API,MYR,08-01-2025 04:15
480fe5c2-8ec6-4485-aea7-8fade2484e24,24-12-2024 15:00,7731.8,MCT8480,-83.5115485,-156.721911,Russia,211.160.190.216/31,,5,API,SGD,19-12-2024 14:45
3f53c146-5f8f-4df1-b8e8-861cd00cb2d7,27-02-2025 03:41,8527.09,MCT8607,-3.055088,-39.003514,South Korea,70.119.192.0/18,,4,Web,INR,20-02-2025 15:18
fc506e7b-7274-4399-9a96-b3854dff51de,26-02-2025 01:22,1763,MCT5202,52.269845,179.656246,South Korea,105.225.0.0/16,,9,MobileApp,JPY,22-02-2025 15:31
c0697b59-104c-4061-a8cc-b43e9a4c51fc,15-10-2025 16:46,406.1,MCT1271,-1.8743245,165.775298,Thailand,98.30.153.174/32,,10,MobileApp,GBP,14-10-2025 21:12
f4be538e-7b5c-4152-8c33-f690d2e7bc04,05-07-2025 06:24,7365.42,MCT8362,89.025205,21.103372,Canada,88.0.0.0/5,,9,MobileApp,SGD,03-07-2025 14:10
54f45880-aa6a-4d5b-8ce7-1b59e3692ed1,12-11-2025 01:22,3558.58,MCT8446,-87.0135385,12.072802,Australia,156.248.24.0/21,,4,Web,GBP,06-11-2025 09:23
147eb734-a155-4511-80c6-e64b354f1236,12-10-2025 11:36,3112.19,MCT9062,-68.718495,-106.032832,South Korea,182.180.249.192/26,,1,MobileApp,SGD,11-10-2025 17:03
8c9f3a52-083a-4cb2-af7f-77cf213d7bb4,18-11-2025 15:05,2694.44,MCT1286,32.08021,118.399445,South Korea,1.0.0.0/10,,1,MobileApp,THB,15-11-2025 08:55
20291727-e06a-4197-8605-04434180a52d,28-10-2025 01:31,9940.95,MCT4406,-11.170974,-108.592874,UK,183.21.206.0/23,,0,API,CNY,21-10-2025 16:00
e4b18b54-6b35-4620-97d5-3851ffb5afa7,14-06-2025 12:33,1526.27,MCT2755,-48.721904,15.767546,UK,52.0.0.0/7,,10,MobileApp,INR,12-06-2025 17:26
6a67d730-d82a-427c-becb-0b6d8968cb58,12-10-2025 20:46,4686.81,MCT6403,30.780071,142.644683,Brazil,30.48.126.248/31,,6,Web,THB,11-10-2025 19:31
554b0b8b-a59e-4b33-abf5-3196008669bb,17-08-2025 18:38,9278.84,MCT2140,77.2154475,83.06455,USA,223.241.0.0/18,,3,MobileApp,JPY,12-08-2025 23:16
9408f2bb-7f9a-438a-bfe7-12ddcd9fa01c,23-05-2025 21:52,8464.71,MCT7928,72.627364,135.031362,France,54.236.210.64/27,,3,API,THB,21-05-2025 07:29
6e0e655d-cc10-4603-8606-66c40336115f,17-09-2025 16:32,240.32,MCT5458,-79.6383885,-29.989252,Australia,52.65.90.160/27,,10,Web,EUR,17-09-2025 06:49
7936a880-fa2a-4e10-9a17-f0f21541696a,02-09-2025 23:23,1631.95,MCT4388,-2.304804,-67.489898,Russia,194.144.0.0/12,,1,Web,SGD,31-08-2025 07:34
770ba166-80f6-4fda-8e30-8bdbdf1d5d28,29-10-2025 12:35,1613.47,MCT2421,71.1744195,-17.845739,Germany,86.103.11.0/24,,3,API,USD,29-10-2025 05:22
b61e6ff8-e211-4add-94c7-195d44e22b01,10-09-2025 23:12,1491.11,MCT1044,-49.880457,150.902849,UK,184.0.0.0/5,,4,Web,JPY,07-09-2025 19:54
cea5bac5-4055-4700-898c-c44ad3ed4bc6,21-11-2025 14:28,3565.62,MCT7841,50.099118,99.082837,China,110.0.0.0/7,,5,API,JPY,19-11-2025 23:59
1dac429a-a70c-4856-9f99-6126e92a03a4,21-07-2025 02:13,8946.81,MCT2619,73.9059605,28.118291,Philippines,25.164.56.48/29,,6,API,USD,16-07-2025 16:40
e2870bd7-c7eb-4f49-bb66-d3173460c3d5,21-12-2024 02:07,8075.64,MCT5191,51.6437275,109.921458,Singapore,69.16.0.0/12,,2,API,INR,18-12-2024 17:44
6fb44560-ff38-4a3e-bc34-b358d2727a98,17-08-2025 19:49,9999.25,MCT9922,45.4660785,-138.871747,USA,32.0.0.0/3,,8,MobileApp,JPY,16-08-2025 04:03
2d225b6e-c613-4794-bbac-1901306b2df0,04-06-2025 02:45,8559.43,MCT5876,-74.801712,139.878216,Brazil,161.136.73.248/30,,3,MobileApp,KRW,01-06-2025 12:45
396acfd4-110c-4806-bb71-7537255b4216,31-05-2025 09:46,9923.24,MCT7102,34.1925225,129.959058,Nigeria,17.240.164.0/23,,3,API,GBP,25-05-2025 13:33
436226ce-710a-4bb2-b377-e5c0ec95957a,07-01-2025 13:23,1399.63,MCT7952,81.6700405,-63.479155,UK,214.24.236.33/32,,5,Web,THB,07-01-2025 03:34
a58e0067-d9ec-4bc3-80f6-66a3ed9352f4,22-08-2025 20:39,7208.5,MCT2787,-57.373575,-81.033138,Japan,184.136.0.0/13,,6,MobileApp,SGD,18-08-2025 14:05
262a04ee-ee39-473b-9031-0c7f318447b1,23-03-2025 14:55,3022.07,MCT9758,60.2219445,32.877154,South Korea,144.0.0.0/9,,0,MobileApp,THB,18-03-2025 17:26
e9bd8743-3a06-4006-8afe-da089cfb666a,10-04-2025 11:03,16.56,MCT3002,38.501328,-41.29856,Japan,6.0.0.0/9,,2,MobileApp,SGD,08-04-2025 00:32
a84592d5-9ef2-45eb-a98b-1afd8af790fe,27-08-2025 16:39,902.89,MCT6388,-77.2673605,93.963307,India,209.160.0.0/12,,1,API,CNY,24-08-2025 10:21
dcc9e4cc-9c06-49ab-a76f-6fc304d6eac0,14-04-2025 23:12,7777.99,MCT2306,56.8261695,-176.944952,Russia,145.3.48.0/20,,9,API,INR,09-04-2025 13:29
0ed97984-7e42-4e82-9a04-3c258e64f89e,14-06-2025 22:25,4489.77,MCT4469,76.5277915,154.485727,France,60.0.0.0/9,,5,Web,USD,10-06-2025 03:15
b8eeb14e-722c-41b7-81ae-64389914304d,27-07-2025 05:08,7991.62,MCT3928,-67.0471555,176.310359,Canada,112.0.0.0/5,,10,Web,GBP,24-07-2025 06:12
bb52f4a4-ed89-4c77-82bf-3abfcb7a2b69,27-05-2025 22:13,7266.33,MCT2184,-33.5342555,-113.659428,Singapore,50.190.216.244/30,,5,API,MYR,25-05-2025 20:20
cad30651-98b3-4256-bf33-20eba80a5d35,26-05-2025 16:47,8047.02,MCT1294,82.587689,-70.060271,Germany,4.147.0.0/16,,6,MobileApp,KRW,24-05-2025 14:44
aa66cb5d-4680-4601-b87a-cff105b40431,09-04-2025 18:53,9032.75,MCT8764,-88.690251,-94.624625,China,203.21.0.0/16,,2,Web,JPY,08-04-2025 12:55
2cc7f04d-7651-4ed7-82f2-e8bed62c6fc5,10-08-2025 17:14,4611.11,MCT3182,-89.653218,163.145676,Russia,142.0.0.0/7,,6,MobileApp,JPY,04-08-2025 18:24
2f4b56ee-36f6-40b9-8d78-9919afea0c04,02-03-2025 04:29,1992.67,MCT7757,-73.176205,4.214856,Philippines,62.146.119.64/27,,6,Web,INR,28-02-2025 08:36
2654cc5d-e280-4eee-a9c6-5883afede6de,07-07-2025 09:30,3715.41,MCT7424,70.262308,98.764629,Japan,61.215.224.0/20,,4,API,EUR,05-07-2025 08:31
7a18b9ad-292f-455c-8093-61c906457eec,04-04-2025 01:12,9791.55,MCT7654,-20.4274015,119.472131,Nigeria,223.176.0.0/12,,9,Web,THB,29-03-2025 13:42
cd92d094-5259-4877-9c16-d5f9ac29c081,05-01-2025 19:20,8607.2,MCT6400,14.0565445,144.332843,Australia,104.128.0.0/9,,7,Web,THB,03-01-2025 20:48
5c55591a-f195-48c3-bd6c-abf459418715,24-12-2024 02:41,9171.89,MCT4558,61.3806085,1.732628,Canada,33.176.0.0/13,,2,API,MYR,21-12-2024 08:56
b5fab5c5-49ff-4c25-8ab6-3475e151b077,18-12-2024 08:10,2864.39,MCT3921,-7.5844355,84.996879,China,221.0.0.0/11,,6,API,INR,13-12-2024 02:33
0b16b2f2-3b55-4766-8efe-bad9ab4fdbb8,21-01-2025 15:52,9778.86,MCT9072,73.2904165,-131.690962,Nigeria,16.0.0.0/5,,7,Web,THB,15-01-2025 00:08
cd78b7d9-53a8-44ef-b562-e148def36519,01-03-2025 22:06,8865.43,MCT3707,34.0467655,75.231716,Australia,98.55.208.0/22,,0,Web,JPY,25-02-2025 18:02
85ac19cc-9cd5-401d-bb20-8635ad1341ce,08-06-2025 06:33,6667.52,MCT3897,14.550114,-139.949886,Germany,137.96.0.0/12,,8,Web,CNY,08-06-2025 02:42
7851f459-2144-43b6-a5b3-ce44e50de2f7,13-06-2025 20:51,1490.22,MCT2318,-74.808575,-3.769646,Philippines,149.51.99.32/28,,7,MobileApp,MYR,08-06-2025 06:06
8932fe76-7657-49d4-b1d1-0042d449eed6,21-02-2025 15:36,7667.5,MCT3726,-64.713343,81.729248,Nigeria,186.220.116.0/22,,0,Web,JPY,14-02-2025 19:40
b198cfc3-bc0a-4246-a494-0b9cd629211a,25-05-2025 21:28,2058.83,MCT7960,20.247279,-14.615475,India,73.128.0.0/9,,6,MobileApp,THB,22-05-2025 19:41
7fe3cb1b-0e6b-4cd4-ba6b-9e826af92da8,04-07-2025 01:55,7943.57,MCT8922,-66.116551,50.701756,Germany,208.25.211.0/26,,5,Web,INR,30-06-2025 12:07
edd3342d-affa-493a-8718-a2a86bfda2f0,28-03-2025 06:35,403.47,MCT5598,-46.3191375,-62.106437,Canada,4.49.64.0/18,,2,Web,CNY,25-03-2025 17:24
b188b0f0-2d12-4c1b-bff5-7acf4ff56bda,03-01-2025 08:19,4114.7,MCT8437,83.8757455,-142.95403,India,37.0.0.0/10,,5,Web,EUR,28-12-2024 04:53
f59096e3-2d31-4e91-b287-612ba7761fc8,29-08-2025 18:08,8125.28,MCT1070,25.0496245,-47.047823,Germany,67.100.0.0/14,,7,MobileApp,EUR,27-08-2025 02:33
08ff1c72-fd5e-49dd-a9d8-fb1c426494e3,02-02-2025 00:36,2269.18,MCT4386,-72.982745,-126.379435,Nigeria,37.87.224.0/20,,7,MobileApp,CNY,26-01-2025 08:32
467c85f4-0423-41c9-8d6e-9efe82ef15ff,27-11-2025 06:21,4030.47,MCT7239,-15.8684095,11.068065,Brazil,4.178.51.0/27,,2,API,SGD,24-11-2025 15:28
c6c81baa-dc91-40c1-a150-f608cc7c8dd2,07-10-2025 09:07,2457.61,MCT2583,87.0022485,-55.918265,Brazil,88.239.144.0/20,,7,MobileApp,KRW,02-10-2025 06:23
baaa41a2-89d8-44de-8591-c880d668fa92,28-09-2025 20:44,856.97,MCT6750,65.9803955,-125.901413,Australia,106.32.0.0/11,,1,Web,INR,25-09-2025 18:35
3cf808b5-87fd-41b7-90c3-39d59b1ce455,29-01-2025 05:12,2373.66,MCT3637,-28.960806,27.694608,India,168.95.186.90/32,,0,Web,GBP,27-01-2025 00:32
42754b79-e8bc-48ac-9ba1-9e6593680478,03-09-2025 06:34,35.86,MCT6807,-29.547943,88.430494,Germany,143.228.0.0/14,,1,Web,USD,28-08-2025 17:43
5176cb49-5417-4269-950b-e8cdf7d4e27e,05-10-2025 06:25,4335.36,MCT7678,43.7049915,-111.464356,South Korea,10.255.109.16/28,,7,API,KRW,04-10-2025 23:58
65fe5433-be35-400a-804e-1387bfd5db71,10-04-2025 01:03,6278.3,MCT3795,-64.657059,-56.227398,Nigeria,3.192.0.0/12,,6,MobileApp,INR,07-04-2025 19:47
aa5f1806-9318-4987-b214-ce72c3073978,29-07-2025 07:37,9834.87,MCT1337,-49.758168,69.57985,Russia,188.207.111.0/24,,0,MobileApp,INR,26-07-2025 01:17
724045ce-a202-408b-af9a-6e1fe58bb3bd,03-04-2025 20:06,1725.32,MCT3528,20.129014,22.319601,China,176.0.0.0/5,,10,MobileApp,SGD,29-03-2025 04:57
0ba1afe6-276b-43ea-8e11-61d6e3793517,03-03-2025 07:19,6546.8,MCT3612,-68.8046905,-143.685941,UK,101.48.0.0/15,,10,Web,GBP,26-02-2025 01:18
8b74b6d8-2814-40a5-9fe0-95dcb0570083,18-12-2024 06:09,651.64,MCT1708,-50.4427175,-15.984514,Russia,15.135.36.0/25,,8,Web,GBP,13-12-2024 15:45
0fd256dc-6cc6-4cd1-8391-ae3b09d03574,28-12-2024 06:09,4253.41,MCT2099,2.6552565,-171.500079,Thailand,111.0.0.0/10,,5,Web,JPY,28-12-2024 03:44
aca5f6c1-5eeb-4f81-8a25-92558a08def6,22-11-2025 09:14,9278.04,MCT6261,31.6760705,-87.170344,Malaysia,86.26.142.0/24,,3,MobileApp,KRW,22-11-2025 05:26
3a4ef2c9-c84a-4329-a65d-f68978a84f5a,16-04-2025 02:49,9810.77,MCT8325,-61.8262475,179.119529,Indonesia,185.102.254.0/24,,2,API,USD,10-04-2025 19:46
81246b6c-dee2-478b-87c6-1bb7cf349264,20-06-2025 07:58,2566.49,MCT3430,-5.7244165,52.177598,Canada,160.180.143.222/31,,10,MobileApp,CNY,16-06-2025 14:25
8515161e-c44d-492d-9da0-ff8671c85903,03-11-2025 09:12,5189.94,MCT6239,-7.4899595,176.929063,Canada,61.238.86.96/27,,8,Web,GBP,29-10-2025 21:19
34429f0d-414c-425b-9543-8af195e61102,20-08-2025 07:18,598.43,MCT5249,-51.18632,1.337289,Vietnam,212.224.0.0/11,,6,MobileApp,USD,16-08-2025 02:12
3589a10a-651d-46d6-ade5-117c855a3ea3,01-01-2025 16:22,5163.25,MCT3961,6.911217,-130.709357,Nigeria,148.87.27.112/28,,9,Web,SGD,31-12-2024 07:11
6d0a3fa0-5450-4eb0-9bff-a4ff0b41c954,28-02-2025 05:16,3003.12,MCT1000,86.821733,-130.104559,Germany,77.167.64.0/19,,9,Web,JPY,25-02-2025 08:40
e591c668-d1fa-4cbb-b7be-c1ce4ada9288,21-01-2025 18:10,381.72,MCT6268,22.868338,-174.762347,China,43.147.248.192/28,,0,API,GBP,19-01-2025 06:09
8b521bc4-f898-49c5-af93-427da7e7588c,24-04-2025 21:40,4452.35,MCT9753,7.6361295,126.234998,China,116.117.223.64/26,,0,MobileApp,INR,20-04-2025 06:38
2546b670-9301-410b-9734-49c13a69be5b,21-07-2025 12:43,2807.4,MCT2136,-9.078303,-166.902948,Japan,93.139.117.168/31,,10,API,EUR,18-07-2025 20:43
e584e94b-05fc-4b14-b806-e0597bbf4509,14-04-2025 03:33,985.57,MCT6834,35.8160185,-140.069082,Japan,77.54.164.0/22,,0,API,JPY,08-04-2025 06:19
747126fd-b272-410b-8bc6-83401a5dee2a,01-09-2025 04:42,6129.12,MCT2537,4.8008745,-82.698132,South Korea,196.131.130.0/24,,2,API,GBP,26-08-2025 06:53
48adbd82-5766-4c0a-ab66-1b9aef4e1450,02-07-2025 12:49,5555,MCT9646,-55.651279,-89.809821,China,14.129.250.78/32,,1,Web,KRW,25-06-2025 14:49
c1e09b53-7a41-40a7-901f-7c63958acc14,28-10-2025 20:05,6625.43,MCT7430,67.9811585,55.306731,South Korea,7.225.176.0/20,,3,Web,GBP,22-10-2025 12:39
bca099fd-8cc4-4b20-81ad-2614717c6757,27-11-2025 12:53,7152.23,MCT9173,-6.607914,-59.610373,Japan,82.228.242.0/26,,8,API,JPY,22-11-2025 00:25
2551cb8c-28b3-43b1-ba4a-ff8244bff570,11-11-2025 19:15,7888.3,MCT6067,-15.560732,114.796225,Thailand,76.32.160.0/23,,5,Web,GBP,06-11-2025 12:21
4d392d0f-fd1a-4343-9394-f5e860befed6,11-11-2025 19:14,3321.21,MCT4849,27.766576,-96.362474,Singapore,8.0.0.0/5,,8,API,USD,06-11-2025 01:02
59cea79e-d565-4bb7-bedf-9cae3b2180e2,07-09-2025 15:39,9503.13,MCT9436,-84.958238,-122.718835,Philippines,8.0.0.0/5,,10,API,EUR,01-09-2025 17:16
2ed16955-6392-4f34-af2e-b4b33c3dfd6d,11-09-2025 02:24,7555.09,MCT8524,-49.125779,99.426948,India,129.24.22.30/31,,8,Web,USD,07-09-2025 06:26
76d737cb-ccec-40e7-ba00-1ff550d84875,29-09-2025 16:04,7071.57,MCT6840,4.9236965,-86.269453,Brazil,20.101.201.63/32,,0,API,SGD,27-09-2025 11:44
36883e75-4545-4ebb-a573-4301687a2cc2,06-09-2025 13:37,5153.07,MCT1324,43.664335,-100.345053,UK,201.10.224.0/21,,5,API,CNY,01-09-2025 09:45
716f2c8b-1081-4eed-8139-f5960fbaba34,21-05-2025 18:31,5430.27,MCT4970,50.8783855,91.412881,Russia,199.200.0.0/14,,10,API,JPY,15-05-2025 03:01
149cf36b-ffa5-4d65-a1bb-c62f2d08062d,03-07-2025 15:48,3607.66,MCT8467,-84.953667,-2.814776,Australia,195.169.148.240/28,,10,API,GBP,29-06-2025 21:16
194d91de-98d4-4269-8e83-ce215d7f7f0d,26-07-2025 02:44,3001.4,MCT7296,-76.597199,43.747448,Japan,162.47.163.192/26,,9,MobileApp,JPY,19-07-2025 12:34
b32805b0-0e42-46e9-bbd3-738bf55b72e3,19-11-2025 13:29,8930.63,MCT5480,-5.520671,45.592547,Australia,39.82.0.0/15,,1,API,JPY,13-11-2025 17:18
18666c94-1d19-42c7-95b2-12aa0f76c042,03-12-2025 02:20,8417.54,MCT3832,37.183666,9.397868,South Korea,214.84.152.0/22,,6,MobileApp,JPY,01-12-2025 21:41
ad8bbeb7-2e16-4cef-ae82-f98cbb8c27a0,28-06-2025 02:43,9803.82,MCT4697,48.787582,32.021112,France,60.208.0.0/12,,7,Web,GBP,26-06-2025 01:20
c6b608ad-eca2-4b36-bee3-b3028c8a313d,05-11-2025 22:38,6677.72,MCT1238,5.3633135,93.074006,Indonesia,136.229.169.32/32,,10,API,MYR,03-11-2025 16:18
34b9d72b-7370-4093-b98c-a325d4b77699,12-01-2025 03:26,1421.87,MCT4636,30.9328515,-171.010696,Singapore,19.89.55.128/27,,4,Web,GBP,09-01-2025 14:25
9214cc0e-8c71-49ac-99f7-6c31e86a3185,19-05-2025 13:49,8139.73,MCT5385,7.1987735,22.341787,China,216.128.0.0/9,,3,MobileApp,EUR,12-05-2025 18:14
c2098bc2-c525-4ff0-94cc-8f03dcff0707,02-06-2025 06:02,3806.58,MCT5634,9.710636,-73.572271,Indonesia,109.139.23.192/29,,0,API,INR,31-05-2025 19:40
4c106569-c4aa-4153-8c5a-98e09361d7b7,16-08-2025 13:37,2486.96,MCT7638,-85.5769415,-38.998143,Vietnam,65.248.64.0/18,,6,Web,USD,10-08-2025 05:04
b4e8985f-0707-4c35-95cd-9c19216f756f,16-11-2025 09:22,5784.12,MCT6549,34.3067535,175.149754,India,90.128.0.0/9,,4,API,JPY,10-11-2025 21:04
19c4982d-a32c-4a48-be5c-4e2dd58cfce8,10-03-2025 18:36,929.45,MCT7551,-57.397787,70.410227,France,82.160.0.0/11,,6,API,EUR,09-03-2025 16:00
8ff94c4c-6bfb-43f7-a028-02b5ab78cab1,29-08-2025 22:34,6845.24,MCT8285,43.066297,-173.901212,Japan,27.84.185.128/25,,5,API,THB,26-08-2025 20:38
55dc0f69-b36c-49f0-8eaf-ca51930262dd,20-12-2024 05:15,184.8,MCT8038,-32.403395,145.753972,Russia,119.100.214.64/26,,10,API,KRW,18-12-2024 03:17
7c2cfead-39b8-47bc-9749-ad058a943f03,22-12-2024 08:48,7471.08,MCT9818,73.0700235,109.468786,UK,121.64.0.0/11,,2,MobileApp,THB,19-12-2024 13:54
34ea225c-5380-4ecf-a72f-4debadf57d3c,23-09-2025 23:44,1755.75,MCT7222,20.7787305,-166.854522,Vietnam,22.234.0.0/15,,6,Web,INR,22-09-2025 23:42
e37e7ab4-71d4-4bb1-8d91-1b12fe8bf937,15-10-2025 02:35,4730.64,MCT4866,27.8346645,-43.264503,Germany,122.129.0.0/18,,10,API,CNY,12-10-2025 04:46
06274510-479e-4bbf-8ccd-328a31758461,19-07-2025 10:22,6915.18,MCT3528,-19.6941105,-82.912455,USA,210.228.0.0/15,,9,Web,GBP,18-07-2025 00:04
2c64deb1-e269-4452-a1cc-05e38fe029cf,27-02-2025 10:26,5236.41,MCT6554,73.523341,-162.340591,China,137.128.0.0/9,,3,API,SGD,22-02-2025 01:06
dc09b0a9-2e4c-454f-8bb4-c4de9c4916a7,21-04-2025 11:43,8368.76,MCT1118,-75.0612685,-87.091982,Brazil,25.0.0.0/8,,1,API,THB,19-04-2025 13:38
fc8598a7-ef75-4ccf-ac10-a24ad3f8845f,01-01-2025 07:22,9013.8,MCT2597,5.398887,-4.362209,Japan,132.100.0.0/15,,4,API,THB,26-12-2024 22:37
f44088c2-8f64-49df-b9f5-fb93b5844a03,30-06-2025 18:46,2446.3,MCT9813,-83.394725,175.714648,Brazil,16.245.0.0/17,,9,API,EUR,30-06-2025 11:29
380874c2-ee72-4b55-95e6-2a53f15268e5,20-04-2025 00:33,3681.91,MCT7139,-41.073718,31.243629,Canada,119.40.22.176/31,,9,Web,INR,18-04-2025 20:07
61537b1a-58bb-4981-8673-fc2f2d71b23c,01-07-2025 20:25,7098.88,MCT2687,71.2345095,123.866326,Thailand,137.184.176.0/21,,2,API,MYR,29-06-2025 05:22
b4374eac-a413-4a45-8032-f1c3ed28594d,14-09-2025 00:55,941.7,MCT6917,-20.5487455,15.803246,Singapore,97.0.0.0/13,,0,API,SGD,11-09-2025 01:20
187703c9-c899-48bc-9e85-f3224aa954ea,05-07-2025 07:09,9513.34,MCT6168,67.3965395,-164.367564,UK,208.0.0.0/8,,0,Web,EUR,28-06-2025 21:34
8d201a4d-bc83-4ac5-887f-01dfa39b42b3,14-02-2025 00:03,3776.48,MCT8743,-69.8564305,-23.672413,Indonesia,204.0.0.0/8,,10,Web,KRW,11-02-2025 18:41
c84a7591-0e1b-4b2c-8589-53c3bca3575a,21-08-2025 21:32,4873.48,MCT8373,-33.4062855,148.136179,Vietnam,8.220.0.0/19,,2,Web,MYR,17-08-2025 18:45
191e0264-33f7-48b3-b977-8c44874166ab,31-12-2024 21:55,9926.66,MCT6975,-72.641127,171.644365,Malaysia,64.0.0.0/3,,4,API,JPY,31-12-2024 12:47
1bb761fe-cb37-4b11-a59e-567b5eb65d8e,19-01-2025 13:44,9797.87,MCT7321,82.0214505,24.080246,Indonesia,83.206.0.0/15,,10,API,THB,13-01-2025 18:45
f0a4b574-387e-421b-9140-a669545712d0,16-06-2025 07:50,9196.39,MCT5563,-8.1984045,60.701798,Singapore,186.202.8.144/29,,5,MobileApp,THB,11-06-2025 12:21
f69d905e-93ba-48ca-bb0c-f6ae62149561,02-01-2025 03:30,3368.82,MCT6837,43.8961475,108.484958,Vietnam,169.7.128.0/18,,8,Web,EUR,29-12-2024 06:38
49318d31-f01c-4096-a872-8976785d887a,25-02-2025 05:25,613.08,MCT9441,1.077818,-93.130802,France,5.48.112.160/27,,7,MobileApp,KRW,22-02-2025 21:55
3a45956d-9349-4822-bfdb-be9b942c8521,26-03-2025 04:15,3445.98,MCT1539,42.0126745,-167.625347,China,22.184.0.0/14,,1,MobileApp,GBP,23-03-2025 06:36
2dcf5b71-8779-4ffc-98f1-51cd81f50517,21-05-2025 11:12,2654.53,MCT8327,-70.620767,-92.139759,UK,192.224.16.0/20,,6,API,GBP,17-05-2025 20:39
065cee64-de55-44c5-9195-cd23feebdb35,19-11-2025 18:24,2477.22,MCT9011,5.6862335,-171.926809,USA,136.229.0.0/16,,7,API,GBP,14-11-2025 22:12
085749d5-229f-46ad-9b78-07c60ce2cbe4,16-01-2025 05:11,476.32,MCT9895,-58.237148,-137.359271,France,69.16.237.128/26,,2,Web,USD,16-01-2025 01:24
b0c34f60-c92d-48d0-91fc-50126c8a2ac2,11-05-2025 23:38,5285.99,MCT9627,16.629845,164.17189,Indonesia,195.234.176.0/21,,7,Web,KRW,11-05-2025 09:33
